--
-- PostgreSQL database dump
--

-- Dumped from database version 16.6 (Ubuntu 16.6-0ubuntu0.24.04.1)
-- Dumped by pg_dump version 16.6 (Ubuntu 16.6-0ubuntu0.24.04.1)

SET statement_timeout = 0;
SET lock_timeout = 0;
SET idle_in_transaction_session_timeout = 0;
SET client_encoding = 'UTF8';
SET standard_conforming_strings = on;
SELECT pg_catalog.set_config('search_path', '', false);
SET check_function_bodies = false;
SET xmloption = content;
SET client_min_messages = warning;
SET row_security = off;

SET default_tablespace = '';

SET default_table_access_method = heap;

--
-- Name: auth_group; Type: TABLE; Schema: public; Owner: postgres
--

CREATE TABLE public.auth_group (
    id integer NOT NULL,
    name character varying(150) NOT NULL
);


ALTER TABLE public.auth_group OWNER TO postgres;

--
-- Name: auth_group_id_seq; Type: SEQUENCE; Schema: public; Owner: postgres
--

ALTER TABLE public.auth_group ALTER COLUMN id ADD GENERATED BY DEFAULT AS IDENTITY (
    SEQUENCE NAME public.auth_group_id_seq
    START WITH 1
    INCREMENT BY 1
    NO MINVALUE
    NO MAXVALUE
    CACHE 1
);


--
-- Name: auth_group_permissions; Type: TABLE; Schema: public; Owner: postgres
--

CREATE TABLE public.auth_group_permissions (
    id bigint NOT NULL,
    group_id integer NOT NULL,
    permission_id integer NOT NULL
);


ALTER TABLE public.auth_group_permissions OWNER TO postgres;

--
-- Name: auth_group_permissions_id_seq; Type: SEQUENCE; Schema: public; Owner: postgres
--

ALTER TABLE public.auth_group_permissions ALTER COLUMN id ADD GENERATED BY DEFAULT AS IDENTITY (
    SEQUENCE NAME public.auth_group_permissions_id_seq
    START WITH 1
    INCREMENT BY 1
    NO MINVALUE
    NO MAXVALUE
    CACHE 1
);


--
-- Name: auth_permission; Type: TABLE; Schema: public; Owner: postgres
--

CREATE TABLE public.auth_permission (
    id integer NOT NULL,
    name character varying(255) NOT NULL,
    content_type_id integer NOT NULL,
    codename character varying(100) NOT NULL
);


ALTER TABLE public.auth_permission OWNER TO postgres;

--
-- Name: auth_permission_id_seq; Type: SEQUENCE; Schema: public; Owner: postgres
--

ALTER TABLE public.auth_permission ALTER COLUMN id ADD GENERATED BY DEFAULT AS IDENTITY (
    SEQUENCE NAME public.auth_permission_id_seq
    START WITH 1
    INCREMENT BY 1
    NO MINVALUE
    NO MAXVALUE
    CACHE 1
);


--
-- Name: auth_user; Type: TABLE; Schema: public; Owner: postgres
--

CREATE TABLE public.auth_user (
    id integer NOT NULL,
    password character varying(128) NOT NULL,
    last_login timestamp with time zone,
    is_superuser boolean NOT NULL,
    username character varying(150) NOT NULL,
    first_name character varying(150) NOT NULL,
    last_name character varying(150) NOT NULL,
    email character varying(254) NOT NULL,
    is_staff boolean NOT NULL,
    is_active boolean NOT NULL,
    date_joined timestamp with time zone NOT NULL
);


ALTER TABLE public.auth_user OWNER TO postgres;

--
-- Name: auth_user_groups; Type: TABLE; Schema: public; Owner: postgres
--

CREATE TABLE public.auth_user_groups (
    id bigint NOT NULL,
    user_id integer NOT NULL,
    group_id integer NOT NULL
);


ALTER TABLE public.auth_user_groups OWNER TO postgres;

--
-- Name: auth_user_groups_id_seq; Type: SEQUENCE; Schema: public; Owner: postgres
--

ALTER TABLE public.auth_user_groups ALTER COLUMN id ADD GENERATED BY DEFAULT AS IDENTITY (
    SEQUENCE NAME public.auth_user_groups_id_seq
    START WITH 1
    INCREMENT BY 1
    NO MINVALUE
    NO MAXVALUE
    CACHE 1
);


--
-- Name: auth_user_id_seq; Type: SEQUENCE; Schema: public; Owner: postgres
--

ALTER TABLE public.auth_user ALTER COLUMN id ADD GENERATED BY DEFAULT AS IDENTITY (
    SEQUENCE NAME public.auth_user_id_seq
    START WITH 1
    INCREMENT BY 1
    NO MINVALUE
    NO MAXVALUE
    CACHE 1
);


--
-- Name: auth_user_user_permissions; Type: TABLE; Schema: public; Owner: postgres
--

CREATE TABLE public.auth_user_user_permissions (
    id bigint NOT NULL,
    user_id integer NOT NULL,
    permission_id integer NOT NULL
);


ALTER TABLE public.auth_user_user_permissions OWNER TO postgres;

--
-- Name: auth_user_user_permissions_id_seq; Type: SEQUENCE; Schema: public; Owner: postgres
--

ALTER TABLE public.auth_user_user_permissions ALTER COLUMN id ADD GENERATED BY DEFAULT AS IDENTITY (
    SEQUENCE NAME public.auth_user_user_permissions_id_seq
    START WITH 1
    INCREMENT BY 1
    NO MINVALUE
    NO MAXVALUE
    CACHE 1
);


--
-- Name: clientes; Type: TABLE; Schema: public; Owner: postgres
--

CREATE TABLE public.clientes (
    cliente integer NOT NULL,
    cedula character varying(20) NOT NULL,
    nombre character varying(100) NOT NULL,
    apellido character varying(100) NOT NULL,
    celular character varying(20),
    email character varying(100),
    direccion character varying(200),
    negocio_servicio character varying,
    tarifa bigint,
    usuario_set character varying,
    clave_set character varying,
    fecha_ingreso date
);


ALTER TABLE public.clientes OWNER TO postgres;

--
-- Name: clientes_obligaciones; Type: TABLE; Schema: public; Owner: postgres
--

CREATE TABLE public.clientes_obligaciones (
    id integer NOT NULL,
    cliente_id integer,
    obligacion integer
);


ALTER TABLE public.clientes_obligaciones OWNER TO postgres;

--
-- Name: clientes_actividades_id_seq; Type: SEQUENCE; Schema: public; Owner: postgres
--

CREATE SEQUENCE public.clientes_actividades_id_seq
    AS integer
    START WITH 1
    INCREMENT BY 1
    NO MINVALUE
    NO MAXVALUE
    CACHE 1;


ALTER SEQUENCE public.clientes_actividades_id_seq OWNER TO postgres;

--
-- Name: clientes_actividades_id_seq; Type: SEQUENCE OWNED BY; Schema: public; Owner: postgres
--

ALTER SEQUENCE public.clientes_actividades_id_seq OWNED BY public.clientes_obligaciones.id;


--
-- Name: clientes_cliente_seq; Type: SEQUENCE; Schema: public; Owner: postgres
--

CREATE SEQUENCE public.clientes_cliente_seq
    AS integer
    START WITH 1
    INCREMENT BY 1
    NO MINVALUE
    NO MAXVALUE
    CACHE 1;


ALTER SEQUENCE public.clientes_cliente_seq OWNER TO postgres;

--
-- Name: clientes_cliente_seq; Type: SEQUENCE OWNED BY; Schema: public; Owner: postgres
--

ALTER SEQUENCE public.clientes_cliente_seq OWNED BY public.clientes.cliente;


--
-- Name: clientes_timbrado; Type: TABLE; Schema: public; Owner: postgres
--

CREATE TABLE public.clientes_timbrado (
    id integer NOT NULL,
    cliente integer,
    timbrado character varying,
    fecha_inicio date,
    fecha_fin date
);


ALTER TABLE public.clientes_timbrado OWNER TO postgres;

--
-- Name: clientes_timbrado_id_seq; Type: SEQUENCE; Schema: public; Owner: postgres
--

CREATE SEQUENCE public.clientes_timbrado_id_seq
    AS integer
    START WITH 1
    INCREMENT BY 1
    NO MINVALUE
    NO MAXVALUE
    CACHE 1;


ALTER SEQUENCE public.clientes_timbrado_id_seq OWNER TO postgres;

--
-- Name: clientes_timbrado_id_seq; Type: SEQUENCE OWNED BY; Schema: public; Owner: postgres
--

ALTER SEQUENCE public.clientes_timbrado_id_seq OWNED BY public.clientes_timbrado.id;


--
-- Name: django_admin_log; Type: TABLE; Schema: public; Owner: postgres
--

CREATE TABLE public.django_admin_log (
    id integer NOT NULL,
    action_time timestamp with time zone NOT NULL,
    object_id text,
    object_repr character varying(200) NOT NULL,
    action_flag smallint NOT NULL,
    change_message text NOT NULL,
    content_type_id integer,
    user_id integer NOT NULL,
    CONSTRAINT django_admin_log_action_flag_check CHECK ((action_flag >= 0))
);


ALTER TABLE public.django_admin_log OWNER TO postgres;

--
-- Name: django_admin_log_id_seq; Type: SEQUENCE; Schema: public; Owner: postgres
--

ALTER TABLE public.django_admin_log ALTER COLUMN id ADD GENERATED BY DEFAULT AS IDENTITY (
    SEQUENCE NAME public.django_admin_log_id_seq
    START WITH 1
    INCREMENT BY 1
    NO MINVALUE
    NO MAXVALUE
    CACHE 1
);


--
-- Name: django_content_type; Type: TABLE; Schema: public; Owner: postgres
--

CREATE TABLE public.django_content_type (
    id integer NOT NULL,
    app_label character varying(100) NOT NULL,
    model character varying(100) NOT NULL
);


ALTER TABLE public.django_content_type OWNER TO postgres;

--
-- Name: django_content_type_id_seq; Type: SEQUENCE; Schema: public; Owner: postgres
--

ALTER TABLE public.django_content_type ALTER COLUMN id ADD GENERATED BY DEFAULT AS IDENTITY (
    SEQUENCE NAME public.django_content_type_id_seq
    START WITH 1
    INCREMENT BY 1
    NO MINVALUE
    NO MAXVALUE
    CACHE 1
);


--
-- Name: django_migrations; Type: TABLE; Schema: public; Owner: postgres
--

CREATE TABLE public.django_migrations (
    id bigint NOT NULL,
    app character varying(255) NOT NULL,
    name character varying(255) NOT NULL,
    applied timestamp with time zone NOT NULL
);


ALTER TABLE public.django_migrations OWNER TO postgres;

--
-- Name: django_migrations_id_seq; Type: SEQUENCE; Schema: public; Owner: postgres
--

ALTER TABLE public.django_migrations ALTER COLUMN id ADD GENERATED BY DEFAULT AS IDENTITY (
    SEQUENCE NAME public.django_migrations_id_seq
    START WITH 1
    INCREMENT BY 1
    NO MINVALUE
    NO MAXVALUE
    CACHE 1
);


--
-- Name: django_session; Type: TABLE; Schema: public; Owner: postgres
--

CREATE TABLE public.django_session (
    session_key character varying(40) NOT NULL,
    session_data text NOT NULL,
    expire_date timestamp with time zone NOT NULL
);


ALTER TABLE public.django_session OWNER TO postgres;

--
-- Name: obligaciones; Type: TABLE; Schema: public; Owner: postgres
--

CREATE TABLE public.obligaciones (
    obligacion integer NOT NULL,
    descripcion character varying(120) NOT NULL
);


ALTER TABLE public.obligaciones OWNER TO postgres;

--
-- Name: pagos; Type: TABLE; Schema: public; Owner: postgres
--

CREATE TABLE public.pagos (
    pago_id integer NOT NULL,
    fecha date NOT NULL,
    monto bigint NOT NULL,
    cliente_id integer NOT NULL,
    mes_pago integer,
    anio_pago integer
);


ALTER TABLE public.pagos OWNER TO postgres;

--
-- Name: pagos_pago_id_seq; Type: SEQUENCE; Schema: public; Owner: postgres
--

CREATE SEQUENCE public.pagos_pago_id_seq
    AS integer
    START WITH 1
    INCREMENT BY 1
    NO MINVALUE
    NO MAXVALUE
    CACHE 1;


ALTER SEQUENCE public.pagos_pago_id_seq OWNER TO postgres;

--
-- Name: pagos_pago_id_seq; Type: SEQUENCE OWNED BY; Schema: public; Owner: postgres
--

ALTER SEQUENCE public.pagos_pago_id_seq OWNED BY public.pagos.pago_id;


--
-- Name: clientes cliente; Type: DEFAULT; Schema: public; Owner: postgres
--

ALTER TABLE ONLY public.clientes ALTER COLUMN cliente SET DEFAULT nextval('public.clientes_cliente_seq'::regclass);


--
-- Name: clientes_obligaciones id; Type: DEFAULT; Schema: public; Owner: postgres
--

ALTER TABLE ONLY public.clientes_obligaciones ALTER COLUMN id SET DEFAULT nextval('public.clientes_actividades_id_seq'::regclass);


--
-- Name: clientes_timbrado id; Type: DEFAULT; Schema: public; Owner: postgres
--

ALTER TABLE ONLY public.clientes_timbrado ALTER COLUMN id SET DEFAULT nextval('public.clientes_timbrado_id_seq'::regclass);


--
-- Name: pagos pago_id; Type: DEFAULT; Schema: public; Owner: postgres
--

ALTER TABLE ONLY public.pagos ALTER COLUMN pago_id SET DEFAULT nextval('public.pagos_pago_id_seq'::regclass);


--
-- Data for Name: auth_group; Type: TABLE DATA; Schema: public; Owner: postgres
--

COPY public.auth_group (id, name) FROM stdin;
\.


--
-- Data for Name: auth_group_permissions; Type: TABLE DATA; Schema: public; Owner: postgres
--

COPY public.auth_group_permissions (id, group_id, permission_id) FROM stdin;
\.


--
-- Data for Name: auth_permission; Type: TABLE DATA; Schema: public; Owner: postgres
--

COPY public.auth_permission (id, name, content_type_id, codename) FROM stdin;
1	Can add log entry	1	add_logentry
2	Can change log entry	1	change_logentry
3	Can delete log entry	1	delete_logentry
4	Can view log entry	1	view_logentry
5	Can add permission	2	add_permission
6	Can change permission	2	change_permission
7	Can delete permission	2	delete_permission
8	Can view permission	2	view_permission
9	Can add group	3	add_group
10	Can change group	3	change_group
11	Can delete group	3	delete_group
12	Can view group	3	view_group
13	Can add user	4	add_user
14	Can change user	4	change_user
15	Can delete user	4	delete_user
16	Can view user	4	view_user
17	Can add content type	5	add_contenttype
18	Can change content type	5	change_contenttype
19	Can delete content type	5	delete_contenttype
20	Can view content type	5	view_contenttype
21	Can add session	6	add_session
22	Can change session	6	change_session
23	Can delete session	6	delete_session
24	Can view session	6	view_session
\.


--
-- Data for Name: auth_user; Type: TABLE DATA; Schema: public; Owner: postgres
--

COPY public.auth_user (id, password, last_login, is_superuser, username, first_name, last_name, email, is_staff, is_active, date_joined) FROM stdin;
2	pbkdf2_sha256$870000$jKTIUE1EA72lL0lv2qVTR0$uXs62GipLr2ibgDieVUdshLlv1VN4JmyLi3Nl7zrfKE=	2025-08-10 23:09:31.386901-04	t	demo				f	t	2025-02-20 16:22:04-03
1	pbkdf2_sha256$870000$CFFYWjgHO7I3htswxak0zI$vBMuXRxwSPohzpMLjQQxbSZicMOD9Ed0rwoVR9s3IXM=	2025-08-15 00:16:59.34653-04	t	admin				t	t	2025-02-07 16:18:45.117768-03
\.


--
-- Data for Name: auth_user_groups; Type: TABLE DATA; Schema: public; Owner: postgres
--

COPY public.auth_user_groups (id, user_id, group_id) FROM stdin;
\.


--
-- Data for Name: auth_user_user_permissions; Type: TABLE DATA; Schema: public; Owner: postgres
--

COPY public.auth_user_user_permissions (id, user_id, permission_id) FROM stdin;
\.


--
-- Data for Name: clientes; Type: TABLE DATA; Schema: public; Owner: postgres
--

COPY public.clientes (cliente, cedula, nombre, apellido, celular, email, direccion, negocio_servicio, tarifa, usuario_set, clave_set, fecha_ingreso) FROM stdin;
2231	444	cuatro	quatro	\N	\N	\N	\N	100000	\N	\N	2025-08-19
2134	343	hufo	romer345	\N	\N	\N	\N	44444	\N	\N	2025-08-16
2228	44	cuatro	cuatro	\N	\N	\N	\N	\N	\N	\N	\N
2137	6789067	Pillon	Presenval	0983482993	pillon@gmail.com	Itá	\N	\N	\N	\N	\N
2132	3437941	Hugo	Romero	0994	\N	\N	\N	\N	\N	\N	\N
2150	3581329	NURIMAR GRACIELA	URDAY GAMARRA	0972529229	urdayn93@gmail.com	CALLE GRAL. CABALLERO ESQUINA PTE. FRANCO, ITA	SERVICIO	150000	3581329	NuriPolicia@329	\N
2156	2648530	MIGUEL	CANTERO LOPEZ	0981123569	MIGUELCANTEROLOPEZ8@GMAIL.COM	CALLE A 500 MTS DEL HOSPITAL NACIONAL	SERVICIO	110000	2648530	123569Set	\N
2162	3467401	FRANCISCO JAVIER	CARDOZO ALVARENGA	0972545318	mirtacardozo76@hotmail.com	CALLE FRANCISCO SOLANO LOPEZ Y SAN FRANCISCO ITA CALLE YBATE	NEGOCIO	110000	3467401	Francisco7401	\N
2168	1852282	PEDRO ROLANDO	ARCE GUANES	0982266510	roliarce33@gmail.com	PARAGUARI , YAGUARON , MBARITY CALLE FRACCIÓN LAS ALTURAS Y CALLE MARITU 5 - LOTE 3	SERVICIO	150000	1852282	RoliArce282@2024	\N
2172	5206013	JESSICA BELEN	BENITEZ OLMEDO	0984146647	HUGONARVAEZ1980@GMAIL.COM	CALLE DEFENSORES DEL CHACO CASI SEGUNDA PROYECTADA ITA	SERVICIO	110000	5206013	jesi013	\N
2178	4265923	CRISTHIAN MARTIN	LEZCANO BRITEZ	270760	CRISTHIANMLEZCANOB@GMAIL.COM	ITA CALLE PEDRO N. VEGA C/ PRIMERO DE MARZO CASA, , A 50 METROS DE LA PLAZA SAN MIGUEL AL SUR	NEGOCIO	110000	4265923	Lezcano426	\N
2184	4246214	MARIA ELENA	AQUINO VILLALBA	0991166694	MARILEN11288@HOTMAIL.COM	LUQUE CALLE YUASY'Y ESQUINA DOCTOR FLORENCIO MEZA SOSA A TRES CUADRAS DE LA PARADA DE LA LINEA 28. GRAL AQUINO	SERVICIO	100000	4246214	Marilen641781	\N
2190	1283435	BERNARDO	SANCHEZ FRETES	0972413408	SANCHEZBERNARDO918@GMAIL.COM	ITA , OCULTO CALLE CALLE COMPAÑIA VALLE YO-A, A 100 METROS DEL CLUB CAPITAN FIGARI	NEGOCIO	100000	1283435	sanchez123	\N
2196	80140455	SAN MIGUEL E.A.S.	COMERCIAL	0976157958	miguemartinezmeza@gmail.com	ITA , CERRO CORA AVENIDA INDEPENDENCIA NACIONAL Y SAN BLAS OFICINA, , DENTRO DEL MERCADO MUNICIPAL	NEGOCIO	200000	80140455	Cale1008	\N
2202	4334426	RENE ARTURO	OZORIO ORUE	0992807185	rene_ozorio@hotmail.com	ITA CALLE GUARAMBARE ESQUINA SAN BLAS Y TTE. CANDIA	SERVICIO	110000	4334426	Osorio433	\N
2208	3397466	CARLOS RAMON	GONZALEZ HERRERA	0982259722	cg500153@gmail.com	FERNANDO DE LA MORA CALLE DECIMA C/ TENIENTE ETTIENE	NEGOCIO	350000	3397466	nataly2012	\N
2214	2968776	LUZ MARINA	CUBILLA RECALDE	0983952441	LUTYMARI@HOTMAIL.COM	AGUARON (MUNICIPIO) CALLE MCAL. JOSE F. ESTIGARRIBIA E/ SAN ROQUE Y CARMELO PERALTA	NEGOCIO	150000	2968776	LuzCubi2024	\N
2220	2388727	NILDA AVELINA	BRITEZ	0986481335	HUGONARVAEZ1980@GMAIL.COM	ITA CALLE ROJAS SILVA Y PEDRO VEGA NUMERO	SERVICIO	110000	2388727	Nilda2023	\N
2226	3442827	CARLOS ALFREDO	GONZALEZ TORRES	0982433132	wwcarlosg@gmail.com	ITA , SPORTIVO CALLE TTE. ROJAS SILVA Y PRIMAVERA A 50 METROS DE LA IGLESIA VIRGEN DE LOS REMEDIOS	NEGOCIO	110000	3442827	CarlosGonza2023	\N
2145	454545	Julian	Mendoza	0983482993	julio@34	da al caño	Herrero	100000	3456767-7	jijiji	\N
2151	6789240	GESSICA FERNANDA	RIVAS GODOY	0991428687	nutrigesss@gmail.com	CALLE MCAL ESTIGARRIBIA CASI CURUPAYTY ITA	NEGOCIO	150000	6789240	gess240	\N
2157	3394111	JUAN SINFORIANO	JARA CORONEL	0972232232	JUANJA88PY@GMAIL.COM	CALLE MANUEL GAMARRA Nº893 C/GRAL DIAZ	SERVICIO	200000	3394111	Ay%88219900	\N
2163	3782242	LINA CONCEPCION	ZARZA MALDONADO	0984564603	LINACZARZA84@GMAIL.COM	CALLE MÉDICOS DEL CHACO CASI DOMINGO M. DE IRALA ITA	SERVICIO	200000	3782242	jara242	\N
2169	751592	RAIMUNDA	CANTERO LOPEZ	0982755299	cantero0674@gmail.com	CALLE MARCIAL SAMANIEGO A 200MTS. DE LA ESC. MODESTO VILLALBA ITA	SERVICIO	110000	751592	Diosesbueno21	\N
2173	4484563	BLANCA EDELIRA	ACOSTA FIGUEREDO	0982692774	FIGUERDAV23@GMAIL.COM	CALLE COMPAÑIA CAAGUAZU, CALLE GRAL. MARCIAL SAMANIEGO  ITA , CAAGUZU	SERVICIO	100000	4484563	Abigail.1104	\N
2179	3405023	PATRICIA ALEJANDRA	IBARRA RODRIGUEZ	0991252715	PATRICIAIBARRA987@GMAIL.COM	ITA CALLE MEDICO DEL CHACO C/ LA MAGNOLIA	NEGOCIO	110000	3405023	Hugo2015	\N
2185	2435154	LUIS MARCELO	GAONA BENEGA	0961762085	luisgaona_2008@hotmail.com	ITA CALLE MCAL ESTIGARRIBIA CASI CURUPAYTY AL COSTADO DEL SNPP - ITA	SERVICIO	500000	2435154	GaoNar2435	\N
2191	1491385	CARLOS JORGE	PANIAGUA	0984755576	carlospaniaguasnpp@hotmail.com	ITA , CAAGUZU CALLE GRAL MARCIAL SAMANIEGO	SERVICIO	110000	1491385	Carlos2023	\N
2197	1962145	DIANA NOEMI	FIGARI GILL	0994888308	DIANAFIGARI70@HOTMAIL.COM	, LUQUE CALLE MONTE ALTO ENTRE TUYUTI Y VALOIS RIVAROLA	NEGOCIO	100000	1962145	Platero01	\N
2203	3397286	ROBERT OSVALDO	BENITEZ ROJAS	0982409961	robertbenitezset@gmail.com	ITA , AVEIRO CALLE CAI AVEIRO CASI 3 DE FEBRERO A 150 METROS DEL CLUB INDEPENDIENTE DE AVEIRO	NEGOCIO	150000	3397286	RobertAveiro120	\N
2209	2511186	OSVALDO ANDRES	AYALA	0971261639	HUGONARVAEZ1980@GMAIL.COM	ITA CALLE INDEPENDENCIA NACIONAL C/ BOQUERON	NEGOCIO	110000	2511186	Snpp2060osva	\N
2215	1282816	ODINA SALVADORA	VILLAGRA	0982660578	odinasalvadora@gmail.com	ITAUGUA , ITAUGUA , BARRIO 6 CALLE PAÍ PEREZ CASI YRENDAGUE	SERVICIO	150000	1282816	Odina2024	\N
2221	7053547	GABRIELA ALEJANDRA	VEGA	0984617193	GABYAVEGA8@GMAIL.COM	ITA CALLE MARISCAL ESTIGARRIBIA Y CERRO CORÀ	NEGOCIO	110000	7053547	GabiVeg547	\N
2227	3358217	HUGO ALBERTO	NARVAEZ SANCHEZ	0983485517	HUGONARVAEZ1980@GMAIL.COM	ITA CALLE MCAL ESTIGARRIBIA CASI CURUPAYTY DETRAS DE LA CACHA DEL CLUB SPORTIVO ITEÑO	SERVICIO	0	3358217	HNarvaez217	\N
2152	3669180	JORGE ISAAC	ROMERO VELAZQUEZ	0983750388	HUGONARVAEZ1980@GMAIL.COM	CALLE ITA CUCUERE Y PRIMAVERA ITA	NEGOCIO	350000	3669180	Verdu180	\N
2158	4757021	ALICE FABIOLA	FUNES GALEANO	0984624333	ALIFFG@HOTMAIL.COM	CALLE CHE PARAJE CASI JOEL ESTIGARRIBIA ENTRE CALLE PARAGUAY YPAKARAI	SERVICIO	200000	4757021	AliFu269	\N
2164	2960172	NANCY ELIZABETH	NARVAEZ DE NUÑEZ	0984749347	NARVAEZNANCY830@GMAIL.COM	CALLE CENTRAL ITA SPORTIVO	NEGOCIO	0	2960172	Nancy172	\N
2170	3326973	ELENA BEATRIZ	AGUAYO	0984852379	elenaaguayo10@gmail.com	CALLE ANTONIO J, DELVALLE (EX YAGUARON) C/ CURUPAYTY ITA	SERVICIO	110000	3326973	ElenaAgua20	\N
2174	2204943	JOSE MIGUEL ANGEL	GIMENEZ BENITEZ	0981513872	JOSEGIMENEZ0212@GMAIL.COM	VILLETA (MUNICIPIO) , INMACULADA CALLE HUMAITA C/ DR RODRIGUEZ FRANCIA	NEGOCIO	110000	2204943	gimenez64	\N
2180	5039233	JUAN REINALDO	GONZALEZ TORRES	0972421151	GONZALEZREINALDO318@GMAIL.COM	ITA CALLE APARICIO ROJAS CASI 4TA PROYECTADA A 50 METROS DE LA CAPILLA VIRGEN DE LOS REMEDIOS	NEGOCIO	100000	5039233	JRGon233	\N
2186	3745384	FRANCISCO JAVIER	CARRERAS ALTUMAN	0985387474	carrerasaltumanfranciscojavier@gmail.com	ITA CALLE INTENDENTE CHAVEZ CASI ITA PROTRERO A 50 METROS DEL CLUB SPORTIVO ITEÑO	NEGOCIO	100000	3745384	Carreras384	\N
2192	3975665	MANUELA ELIZABETH	CASTILLO MEZA	0984790140	MANUELACASTILLO28@HOTMAIL.COM	ITA CALLE CURUPAYTY C/ MCAL. LOPEZ CASA	SERVICIO	200000	3975665	manu08	\N
2198	667715	ADOLFO	TELLEZ RODAS	0981428770	tellezadolfo67@gmail.com	ITA , LAS PIEDRAS 1A. CALLE CALLE AMISTAD CASI AVENIDA LAS PIEDRAS	NEGOCIO	350000	667715	Adolfo2024	\N
2204	4596456	IMELDA BELEN	BRITEZ	0981642354	BELENBRITEZ872@GMAIL.COM	ITA CALLE GRAL. CABALLERO CASI GRAL. DIAZ	NEGOCIO	110000	4596456	snpp3052	\N
2210	2546366	RICARDO	PRESENTADO VALDEZ	0961428296	ripresux@GMAIL.COM	ITA CALLE 1º DE MARZO C/ 18 DE DIECIEMBRE A 150 METROS DE LA CAPILLA VIRGEN DE LOS REMEDIOS	NEGOCIO	110000	2546366	Ripreval7803	\N
2216	3688717	ANGEL RAMON	GOMEZ RIVAROLA	0983457348	RIVAROLA_02@HOTMAIL.COM	, ITA CALLE ENFERMERAS DEL CHACO ESQ. MARCIAL SAMANIEGO	NEGOCIO/SERVICIO	0	3688717	gomez717	\N
2222	2964967	IGNACIA MIGUELA	MARTINEZ MEZA	0976157958	miguemartinezmeza@gmail.com	ITA CALLE SAN BLAS C/ INDEPENDENCIA NACIONAL INTERIOR, , SALON DEL MERCADO MUNICIPAL	NEGOCIO	200000	2964967	caledonio31	\N
2147	4546788	Jupito	Presentado	0961429296	jupito@hotmail.com	Itá	Bonsaista	250000	5666666	76867	\N
2153	2924600	DAVID	ALDAMA BRITEZ	0985887519	drdab2008@hotmail.com	CALLE TENIENTE GUTIÉRREZ Y MAYOR EDUARDO VERA ITAUGUA	SERVICIO	220000	2924600	Aab1198747*	\N
2159	2487231	UGO RODOLFO	BENITEZ CASCO	0982850431	BHUGO9367@GMAIL.COM	CALLE CALLE AVEIRO CASI PRIMAVERA ITA	SERVICIO	100000	2487231	UgoBenitez2487	\N
2165	1875542	HECTOR MARIO	BOGARIN CARDOZO	0985503336	OTOBOGARIN@HOTMAIL.COM	YAGUARON (MUNICIPIO) , SAN ROQUE CALLE MCAL. ESTIGARRIBIA	SERVICIO	125000	1875542	HectorBogarin@2024	\N
2171	2146223	MIRTA ELIZABETH	CARDOZO ALVARENGA	0984762005	MIRTACARDOZO76@HOTMAIL.COM	CALLE RUTA N° 1 MARISCAL LOPEZ KM. 32 Y 1/2 ESQ. SAN FRANCISCO ITA	SERVICIO	0	2146223	rosa15	\N
2175	4005193	CARLOS MATIAS	NOGUERA GAVILAN	0994136256	Matiasnog20@gmail.com	LUQUE CALLE GRAL. DIAZ CASI CAP. ANDRES INSFRAN TAJY	SERVICIO	200000	4005193	Nogavilan193	\N
2181	2237713	PEDRO ANTONIO	ORTIZ	0983387571	pedrooz571@gmail.com	ITA CALLE CALLE ARRUA-I Y ACCESO SUR, A 200 METROS DE LA GRANJA LA REINA	SERVICIO	50000	2237713	PedroOrtiz713	\N
2187	3822154	VIVIAN ROMINA	SANCHEZ	0982480013	ESCOBAR.GABY99@GMAIL.COM	ITA CALLE GRAL. DIAZ C/ MARCIAL SAMANIEGO	NEGOCIO	110000	3822154	vivian123	\N
2193	4548505	EDY FERMINA	CARDOZO LEZCANO	0982274618	cardozoedyth91@gmail.com	ITA CALLE ENRIQUE DOLDAN IBIETA C/ ENFERMERAS DEL CHACO  A 100 METROS DE LA CAPILLA VIRGEN DE FÁTIMA	NEGOCIO	110000	4548505	Edylezcano505	\N
2199	1283365	NUNILA ANTONIA	PANIAGUA RAMOS	0982880691	PANIAGUANUNILA@GMAIL.COM	ITA , CAAGUZU CALLE GENERAL SAMANIEGO Y CAAGUAZU	SERVICIO	150000	1283365	NunilaRamos365	\N
2205	1714346	OSCAR RAMON	DOMINGUEZ RIQUELME	0972216453	HUGONARVAEZ1980@GMAIL.COM	, ITA CALLE CALLE LAS PIEDRAS C/ JUVENTD A 150 METROS DE LA ESCUELA FUKACHI MAHEHARA	NEGOCIO	200000	1714346	Dominguez346	\N
2211	6587376	BLANCA LILA	AMARILLA BAEZ	0994584027	blancalinaamarilla@gmail.com	ITA , ITA POTRERO CALLE RUTA 1 KM 45 Y LAS PERLAS A 200 METROS DEL CLUB GRAL DÍAZ	NEGOCIO	110000	6587376	LilaAmarilla376	\N
2217	4891097	ANTONIO RAMON	RIVEROS CASTILLO	0983485572	tonyriveros095@gmail.com	ITA , POSTA GAONA CALLE PRIMERA CASÍ RUTA DEPARTAMENTAL SAN LORENZO - ITA (EX RUTA 1)	NEGOCIO	0	4891097	AntonioRiveros097	\N
2223	3767357	ARMANDO ARIEL	FLORES	0982590257	HUGONARVAEZ1980@GMAIL.COM	ITA CALLE CALLE TTE. ROJAS SILVA C/ INDEPENDENCIA NACIONAL	NEGOCIO	110000	3767357	snpp2070	\N
2148	7878	luis	almendro	87878787	ridkdi	ita	contador	120000	yui	87879	\N
2154	3241200	ANIBAL MANUEL	NARVAEZ FLORENTIN	0972457964	anibalmanuelnarvaezflorentin@gmail.com	CALLE ACCESO ARRUA-I Y CALLE CANTERA, ITA , CURUPICAYTY	NEGOCIO	150000	3241200	AnibalNarvaez@324	\N
2160	80127641	DENTAL	DOCTOR E.A.S.	0981848339	DRDAVIDALDAMA@GMAIL.COM	J.AUGUSTO SALDIVAR , BARRIO 6 TTE. GUTIERREZ Y MAYOR VERA , A 100 METROS DE LA ANDE	NEGOCIO	660000	80127641	DentalDoctorEAS641	\N
2166	3725722	HUMBERTO JOSE	BENITEZ MEZA	0991603531	humbertobenitezpolicia@gmail.com	CALLE GRAL. BERNARDINO CABALLERO CASI PTE. FRANCO, ITA	SERVICIO	150000	3725722	HumbertoPolicia@722	\N
2176	2960173	ROLANDO	DIARTE SOSA	0982714708	DIARTEROLANDO1@GMAIL.COM	ITA , SPORTIVO CALLE 29 DE SETIEMBRE C/ INDEPENDENCIA NACIONAL	SERVICIO	150000	2960173	tino26	\N
2182	1253814	DIONISIO	SALINAS VILLALBA	0981936108	HUGONARVAEZ1980@GMAIL.COM	CAPIATA CALLE PIRIZAL CASI ALFONZO CASTILLO RUTA N° 2 KM 17 -A 300 METROS DE LA EMPRESA PECHUGON - VENTAS	NEGOCIO	120000	1253814	castro814	\N
2188	4630414	DEISY MABEL	ACHUCARRO ROMERO	0982227704	DEISYMABEL88@HOTMAIL.COM	ASUNCION (DISTRITO) CALLE CALLE 1497 CASI MARCELINO PEREZ	NEGOCIO	110000	4630414	Maria2021	\N
2194	3442785	PEDRO JUAN	ROMERO LOPEZ	0986392128	pedro.abente125@gmail.com	ITA POTRERO CALLE MCAL. FRANCISCO SOLANO LOPEZ Y PRIMAVERA A 100 METROS DEL PEAJE	NEGOCIO	160000	3442785	PedroJuan785	\N
2200	3206555	HUGO FEDERICO	GOMEZ	0981606010	ELIAGUAYO08@GMAIL.COM	ITA , POSTA GAONA CALLE KM 30	SERVICIO	100000	3206555	Hugis2020	\N
2206	3608846	DERLIS AGUSTIN	GUZMAN VILLALBA	0972225562	HUGONARVAEZ1980@GMAIL.COM	ITA , CAAGUZU CALLE AVDA. MOISES BERTONI GUAVIRA E/ MBURUCUYA	SERVICIO	110000	3608846	snpp846	\N
2212	933326	ORLANDO JAVIER	BRAJIN GARCETE	0984700293	orlandobrajin@hotmail.com	ITA CALLE RUTA GRAL. SAMANIEGO CASI CHOFERES DEL CHACO , A 100 METROS DE LA LIGA ITEÑA DE DEPORTES	SERVICIO	110000	933326	Orlando326	\N
2218	1431437	SINFORIANA	CHAVEZ	0981337068	HUGONARVAEZ1980@GMAIL.COM	ITA , CAAGUZU CALLE GRAL.MARCIAL SAMANIEGO Y SANTA RITA	SERVICIO	0	1431437	snpp2030	\N
2224	5546257	LUIS MARIO	MARTINEZ GONZALEZ	0971402317	mariogonzaczu@gmail.com	APIATA , POSTA YBYCUA CALLE FRANCISCANO Y ROQUE GONZALEZ DE SANTA CRUZ	SERVICIO	110000	5546257	Lmario257	\N
2149	1069110	NIDIA BEATRIZ	DOLDAN DE MARIN	0981468174	HUGONARVAEZ1980@GMAIL.COM	CENTRAL , ITA , POTRERO POI	Instructora	110000	1069110	Snpp202323	\N
2155	5117940	ANGEL ENRIQUE	CARDOZO	0991355863	cardozoangelenrique@gmail.com	CALLE PTE. FRANCO ESQ. CARLOS A. LOPEZ ITA	NEGOCIO	100000	5117940	AngelCardozo24	\N
2161	80128711	SERVICIOS	ANTISA E.A.S.	0991428687	gessicarivas92@gmail.com	CALLE MARISCAL ESTIGARRIBIA CASI CURUPAYTY OFICINA, , A 50 METROS DEL "PARQUE DE LA LAGUNA" ITA	NEGOCIO	200000	80128711	ServiciosANTISA@711	\N
2167	755652	CARLOS ALBERTO	GALEANO CENTURION	0984824323	KALOCENTURION1970@GMAIL.COM	CALLE 13 DE JUNIO Y DEFENSORES DEL CHACO, CAPIATA	SERVICIO	150000	755652	Ca061170	\N
2177	1881143	LUISA	SANCHEZ DE NARVAEZ	0976996443	hugonarvaez1980@gmail.com	ITA , SPORTIVO CALLE GRAL. DIAZ C/ INDEPENDENCIA NACIONAL	NEGOCIO	0	1881143	tormenta120	\N
2183	1180524	RUBEN	LEPEK MASCARO	0982312511	RLEPEK@HOTMAIL.COM	ASUNCION (DISTRITO) CALLE SGTO. VICTORIANO ALVARENGA Y ALEXIS BOGGINO	SERVICIO	200000	1180524	rl0208	\N
2189	4386084	ANDREA JAZMIN	CARDOZO LEZCANO	0983468238	alezcano692@gmail.com	ITA CALLE 1º DE MARZO C/ CURUPAYTY A 100 METROS DEL ESTADIO DEL CLUB OLIMPIA DE ITA	NEGOCIO	160000	4386084	Andrea6084	\N
2195	4494095	ROSSANA AMANCIA	TROCHE INSFRAN	0994204954	ROSSANATROCHE21@GMAIL.COM	LUQUE CALLE SILVIO PARODI ENTRE AVDA CRIOLLOS DE AMERICA Y JUDAS TADEO , INMEDIACIONES DEL JUZGADO DE LUQUE, ESC SANTO TOMAS	SERVICIO	100000	4494095	Ross100287	\N
2201	3804136	ANA LIZ	CABALLERO ROJAS	0981642924	any88_py@hotmail.com	PARAGUARI AVENIDA DR. CESAR BARRIENTOS CASI DR. KUNITO MIYASAKA	SERVICIO	200000	3804136	AnaCaba136	\N
2207	4347996	LIDA VERONICA	BENITEZ YBARRA	0971966650	LIDABENITEZ86@GMAIL.COM	ALTOS ( MUNICIPIO ) CALLE PASO PELOTA CORDILLERA	SERVICIO	150000	4347996	15112014Mrb	\N
2213	4897306	ANALIA ESTER	MOLINAS	0971743951	ANALIAESTERMOLINAS@GMAIL.COM	ASUNCION (DISTRITO) CALLE ALEXIS BOGGINO (EX SGTO VICTORIANO ALVARENGA) CASI CAPITAN JULIO CESAR RIVAS	SERVICIO	160000	4897306	analia306	\N
2219	4262507	SARA MARIA ISABEL	ROZZANO DELGADO	0976566913	SMIROZZA87@GMAIL.COM	ITA , LAS PIEDRAS 1A. CALLE CALLE LAS PIEDRAS CASI PRIMAVERA	NEGOCIO	200000	4262507	rozzano507	\N
2225	4431427	LAURA CELINA	NARVAEZ	0961651239	NARVAEZLAURA797@GMAIL.COM	ITA CALLE GRAL. JOSE E. DIAZ C/ GRAL. CABALLERO	NEGOCIO	110000	4431427	lau2015	\N
\.


--
-- Data for Name: clientes_obligaciones; Type: TABLE DATA; Schema: public; Owner: postgres
--

COPY public.clientes_obligaciones (id, cliente_id, obligacion) FROM stdin;
6	2137	1
10	2132	2
11	2132	1
15	2145	1
16	2145	2
17	2147	1
18	2147	2
19	2148	1
20	2148	2
21	2148	3
22	2149	1
23	2150	2
24	2151	1
25	2151	3
26	2152	1
27	2152	3
28	2153	1
29	2153	2
30	2154	1
31	2154	3
32	2155	1
33	2155	3
34	2156	1
35	2157	2
36	2158	1
37	2158	2
38	2159	1
39	2160	1
40	2160	3
41	2161	1
42	2161	3
43	2162	1
44	2162	3
45	2163	1
46	2163	2
47	2164	3
48	2165	2
49	2166	2
50	2167	2
51	2168	2
52	2169	1
53	2170	1
54	2171	1
55	2172	1
56	2173	1
57	2174	1
58	2174	3
59	2175	1
60	2175	2
61	2176	1
62	2176	2
63	2177	1
64	2177	3
65	2178	1
66	2178	3
67	2179	1
68	2179	3
69	2180	1
70	2180	3
71	2181	1
72	2182	1
73	2182	3
75	2183	1
76	2184	1
77	2185	1
78	2185	2
79	2186	1
80	2186	3
81	2187	1
82	2187	3
83	2188	1
84	2188	3
85	2189	1
86	2189	3
87	2190	1
88	2190	3
89	2191	1
90	2192	1
91	2192	2
92	2193	1
93	2193	3
94	2194	1
95	2194	3
96	2195	1
97	2196	1
98	2196	3
99	2197	1
100	2197	3
101	2198	1
102	2198	3
103	2199	2
104	2200	1
105	2201	1
106	2201	2
107	2202	1
108	2203	1
109	2203	3
110	2204	1
111	2204	3
112	2205	1
113	2205	3
114	2206	1
115	2207	1
116	2207	2
117	2208	1
118	2208	3
119	2209	1
120	2209	3
121	2210	1
122	2210	3
123	2211	1
124	2211	3
125	2212	1
126	2213	1
127	2214	1
128	2214	3
129	2215	2
130	2216	1
131	2216	2
132	2216	3
133	2217	1
134	2217	3
135	2218	1
136	2219	1
137	2219	3
138	2220	1
139	2220	3
140	2221	1
141	2221	3
142	2222	1
143	2222	3
144	2223	1
145	2223	3
146	2224	1
147	2225	1
148	2225	3
149	2226	1
150	2226	3
151	2227	1
152	2228	1
\.


--
-- Data for Name: clientes_timbrado; Type: TABLE DATA; Schema: public; Owner: postgres
--

COPY public.clientes_timbrado (id, cliente, timbrado, fecha_inicio, fecha_fin) FROM stdin;
1	2228	4444444	2025-07-02	2025-07-30
2	2229	15487930	2025-01-01	2026-01-01
\.


--
-- Data for Name: django_admin_log; Type: TABLE DATA; Schema: public; Owner: postgres
--

COPY public.django_admin_log (id, action_time, object_id, object_repr, action_flag, change_message, content_type_id, user_id) FROM stdin;
1	2025-02-20 16:22:05.106085-03	2	demo	1	[{"added": {}}]	4	1
2	2025-02-20 16:22:12.816215-03	2	demo	2	[{"changed": {"fields": ["Superuser status"]}}]	4	1
\.


--
-- Data for Name: django_content_type; Type: TABLE DATA; Schema: public; Owner: postgres
--

COPY public.django_content_type (id, app_label, model) FROM stdin;
1	admin	logentry
2	auth	permission
3	auth	group
4	auth	user
5	contenttypes	contenttype
6	sessions	session
\.


--
-- Data for Name: django_migrations; Type: TABLE DATA; Schema: public; Owner: postgres
--

COPY public.django_migrations (id, app, name, applied) FROM stdin;
1	contenttypes	0001_initial	2025-02-07 16:16:21.982611-03
2	auth	0001_initial	2025-02-07 16:16:22.082232-03
3	admin	0001_initial	2025-02-07 16:16:22.113873-03
4	admin	0002_logentry_remove_auto_add	2025-02-07 16:16:22.122963-03
5	admin	0003_logentry_add_action_flag_choices	2025-02-07 16:16:22.130056-03
6	contenttypes	0002_remove_content_type_name	2025-02-07 16:16:22.152777-03
7	auth	0002_alter_permission_name_max_length	2025-02-07 16:16:22.159088-03
8	auth	0003_alter_user_email_max_length	2025-02-07 16:16:22.164174-03
9	auth	0004_alter_user_username_opts	2025-02-07 16:16:22.168746-03
10	auth	0005_alter_user_last_login_null	2025-02-07 16:16:22.175181-03
11	auth	0006_require_contenttypes_0002	2025-02-07 16:16:22.176282-03
12	auth	0007_alter_validators_add_error_messages	2025-02-07 16:16:22.181474-03
13	auth	0008_alter_user_username_max_length	2025-02-07 16:16:22.189095-03
14	auth	0009_alter_user_last_name_max_length	2025-02-07 16:16:22.196543-03
15	auth	0010_alter_group_name_max_length	2025-02-07 16:16:22.202293-03
16	auth	0011_update_proxy_permissions	2025-02-07 16:16:22.207016-03
17	auth	0012_alter_user_first_name_max_length	2025-02-07 16:16:22.213431-03
18	sessions	0001_initial	2025-02-07 16:16:22.222908-03
\.


--
-- Data for Name: django_session; Type: TABLE DATA; Schema: public; Owner: postgres
--

COPY public.django_session (session_key, session_data, expire_date) FROM stdin;
dshu5b40bv6qfffp4j300o76hh2sjvoo	.eJxVjDsOwjAQRO_iGlnrEDkJJT1nsGZ3bRxAtpRPhbg7iZQCminmvZm3CViXHNY5TmFUczHOnH47hjxj2YE-UO7VSi3LNLLdFXvQ2d6qxtf1cP8OMua8rSOQCNx0QqSSBLolwF4a9eCWWM4dU0ytaO8UjnyTkHw_tAMNBPP5AkxtOeQ:1thYyv:UM0SAUjFcACfaJUdMD2l5WUPTWGPyOj2-COeg8lBr9A	2025-02-24 15:58:09.13573-03
xmn9u86b1ff9fcj7bpss1kg326kfj083	.eJxVjDsOwjAQRO_iGlnrEDkJJT1nsGZ3bRxAtpRPhbg7iZQCminmvZm3CViXHNY5TmFUczHOnH47hjxj2YE-UO7VSi3LNLLdFXvQ2d6qxtf1cP8OMua8rSOQCNx0QqSSBLolwF4a9eCWWM4dU0ytaO8UjnyTkHw_tAMNBPP5AkxtOeQ:1tj24R:Ic3w9ZV2sYa4_mPxuKxgnLmUS-W817yJhqIMpOD0p3Q	2025-02-28 17:13:55.509033-03
4k2lcrchbj4aza7t8eae00j38rerayds	.eJxVjDsOwjAQRO_iGlnrEDkJJT1nsGZ3bRxAtpRPhbg7iZQCminmvZm3CViXHNY5TmFUczHOnH47hjxj2YE-UO7VSi3LNLLdFXvQ2d6qxtf1cP8OMua8rSOQCNx0QqSSBLolwF4a9eCWWM4dU0ytaO8UjnyTkHw_tAMNBPP5AkxtOeQ:1tn0Rn:fpijJGjKS0Ue3DtY71ivRpQHR-sf8IGvnJmcnl7XC-8	2025-03-11 16:18:27.692555-03
elfm1ohzr13vks2yodoyllakp5em1ljc	.eJxVjDsOwjAQBe_iGllx1r9Q0nMGa71r4wCypTipEHeHSCmgfTPzXiLgtpaw9bSEmcVZjOL0u0WkR6o74DvWW5PU6rrMUe6KPGiX18bpeTncv4OCvXzrbJWijN5bZxkoGkXsrCYwE8Dk8zAk1A6cRrJOacKMkBRrHo3JKqF4fwDgRTgC:1tpIxV:cQbQOD-CwIH9846zPLESnm8IuhNRr_U-tQJMCeFJEE8	2025-03-18 00:28:41.484766-03
qn0tn3wfnc04sfbbgzjvskg8hnswe84h	.eJxVjbEOgjAURf-ls2koLS2w6ebg6mIMebzXQpW0hsJE-HchYdD13HvPXVgD89Q3c7Jj44nVLGenX9YCvm3YA3pB6CLHGKbRt3yv8CNN_BbJDpej-yfoIfXb2mkh0EFZaqNJYlsIJKMVyqKSsipdlllQRhoFqI1QCA6kFaQoLwonLGxSshMMg02sfiwMI_kuslrsPOHoP-hj2I6u9zNbn-sXUqNHLw:1trDwU:wtNCtDwdkFXL5Fgqy_R3t3z0iHknfIRGDTMAUJa7p_s	2025-03-23 06:31:34.237514-04
3aipaw4bnv26mlxi3z4qmrkx584dyvq6	.eJxVjDsOwjAQBe_iGllx1r9Q0nMGa71r4wCypTipEHeHSCmgfTPzXiLgtpaw9bSEmcVZjOL0u0WkR6o74DvWW5PU6rrMUe6KPGiX18bpeTncv4OCvXzrbJWijN5bZxkoGkXsrCYwE8Dk8zAk1A6cRrJOacKMkBRrHo3JKqF4fwDgRTgC:1trOmI:h4Sv3yz9_0oYqr1KeSy1O3NQEDWwWYpzImaGjel25a0	2025-03-23 18:05:46.069247-04
fj97obkjuf5dcz3jbmypm9nqpq6i5sm5	.eJxVjDsOwjAQRO_iGlnrEDkJJT1nsGZ3bRxAtpRPhbg7iZQCminmvZm3CViXHNY5TmFUczHOnH47hjxj2YE-UO7VSi3LNLLdFXvQ2d6qxtf1cP8OMua8rSOQCNx0QqSSBLolwF4a9eCWWM4dU0ytaO8UjnyTkHw_tAMNBPP5AkxtOeQ:1uG5ms:-BKTOGk3StntAeFnILEMQRWIdrfMNJHzLN6anBeC8aQ	2025-05-30 20:52:26.635408-04
7s0uj73wiw2cit83xwca6beudilbyiun	.eJxVjDsOwjAQBe_iGllx1r9Q0nMGa71r4wCypTipEHeHSCmgfTPzXiLgtpaw9bSEmcVZjOL0u0WkR6o74DvWW5PU6rrMUe6KPGiX18bpeTncv4OCvXzrbJWijN5bZxkoGkXsrCYwE8Dk8zAk1A6cRrJOacKMkBRrHo3JKqF4fwDgRTgC:1uK3me:wtl9DxjmtXkLAmeaWo9Zylro8HGnNi-Hcet9J2y1DwA	2025-06-10 19:32:36.849846-04
a60b9lhqcyop9xahut7f8vlt9k28egrm	.eJxVjDsOwjAQBe_iGllx1r9Q0nMGa71r4wCypTipEHeHSCmgfTPzXiLgtpaw9bSEmcVZjOL0u0WkR6o74DvWW5PU6rrMUe6KPGiX18bpeTncv4OCvXzrbJWijN5bZxkoGkXsrCYwE8Dk8zAk1A6cRrJOacKMkBRrHo3JKqF4fwDgRTgC:1tsSbM:gl7XPCbXQjHVzBOzIFxkOpvAajzqmGHUQ4ZJ56mrfYs	2025-03-26 16:22:52.695245-04
c2ddqdukp6hxtfbtwyvqwvmawe8xudl9	.eJxVjDsOwjAQBe_iGllx1r9Q0nMGa71r4wCypTipEHeHSCmgfTPzXiLgtpaw9bSEmcVZjOL0u0WkR6o74DvWW5PU6rrMUe6KPGiX18bpeTncv4OCvXzrbJWijN5bZxkoGkXsrCYwE8Dk8zAk1A6cRrJOacKMkBRrHo3JKqF4fwDgRTgC:1tsVqD:81C5n4f5slnmd26a9sOmwB37jEkIGv1jEEzQRboAgBA	2025-03-26 19:50:25.762863-04
mz0i3o8i5g8pq3w46l99hrexcowz3g1z	.eJxVjDsOgzAQBe_iOrIw_kKZnhNEEVp214EEGQmbKsrdAxJF0r6ZN2_Rw1bGfsu89hOJVtTi8rsNgC9OB6AnpMcicUllnQZ5KPKkWXYL8Xw93b_ACHnc39EphRFCcN6RxsEqJO8Matto3YRYVQzGa28AnVcGIYJmRYZqa6Ni2KPEBeaZs2hv988XEMs8sg:1uKJIV:DQDag0iDO_LcSQsVxyYQVgLdZK460HAt-14gn8iDxj4	2025-06-11 12:06:31.881425-04
g58u3rfe3ayw4pwwkciqm7c9bhum8pjr	.eJxVjDsOgzAQBe_iOrIw_kKZnhNEEVp214EEGQmbKsrdAxJF0r6ZN2_Rw1bGfsu89hOJVtTi8rsNgC9OB6AnpMcicUllnQZ5KPKkWXYL8Xw93b_ACHnc39EphRFCcN6RxsEqJO8Matto3YRYVQzGa28AnVcGIYJmRYZqa6Ni2KPEBeaZs2hv988XEMs8sg:1ttxH5:hlD6IFpL3jgg-4pD74to3qR-noKlUxWF6BHOfYn8uW4	2025-03-30 19:20:07.351748-04
8305ugi8me3ziah6op9vpq4y5pgt6f1k	.eJxVjDsOwjAQBe_iGllx1r9Q0nMGa71r4wCypTipEHeHSCmgfTPzXiLgtpaw9bSEmcVZjOL0u0WkR6o74DvWW5PU6rrMUe6KPGiX18bpeTncv4OCvXzrbJWijN5bZxkoGkXsrCYwE8Dk8zAk1A6cRrJOacKMkBRrHo3JKqF4fwDgRTgC:1u4cC1:7ZGJxEIHZ-vIpKLOKZmW256CVgqGUEYIzD1l3AF8Ty8	2025-04-29 05:02:57.211825-04
0kmkbzkpic60hbkq81xst34rwprj8akm	.eJxVjDsOwjAQBe_iGllx1r9Q0nMGa71r4wCypTipEHeHSCmgfTPzXiLgtpaw9bSEmcVZjOL0u0WkR6o74DvWW5PU6rrMUe6KPGiX18bpeTncv4OCvXzrbJWijN5bZxkoGkXsrCYwE8Dk8zAk1A6cRrJOacKMkBRrHo3JKqF4fwDgRTgC:1u7K1s:d5Jy_HWVoJgXEDk6KvUMRlSRa9K_P8ukLgeiTq6fbVc	2025-05-06 16:15:40.636521-04
vy4q31heamwhf7fp2qpfk58x3kawguqt	.eJxVjLsOgkAURP9la7O5IFkepb1fYAyZ-1hBCSQsVMZ_FxIKbaaYOXPersW6dO2abG57dY3L3Om3Y8jLxn3QJ8bH5GUal7lnvyP-WJO_TmrD5WD_BB1St70NiATOSyFSiQLdEuAguQZwQSznksliIVplioxCHhFDVRc11YRNqrZgGCy55nb_fAGXQD6U:1uITSE:5G_M6rHW0kfDczqb0jyo_mWhj_qCyeVx1UfhbHl34Gw	2025-06-06 10:32:58.689047-04
c333swf00ju0asb55f1kgps6u8weyoi8	.eJxVjDsOwjAQBe_iGllx1r9Q0nMGa71r4wCypTipEHeHSCmgfTPzXiLgtpaw9bSEmcVZjOL0u0WkR6o74DvWW5PU6rrMUe6KPGiX18bpeTncv4OCvXzrbJWijN5bZxkoGkXsrCYwE8Dk8zAk1A6cRrJOacKMkBRrHo3JKqF4fwDgRTgC:1uKkj3:1xvnzcRtZgeHc083F1fOGaEpxDOpZdRJaX-4No--Hms	2025-06-12 17:23:45.984456-04
gqh2t91w83g76znnhtsngaf8ks17pgwl	.eJxVjDsOgzAQBe_iOrIw_kKZnhNEEVp214EEGQmbKsrdAxJF0r6ZN2_Rw1bGfsu89hOJVtTi8rsNgC9OB6AnpMcicUllnQZ5KPKkWXYL8Xw93b_ACHnc39EphRFCcN6RxsEqJO8Matto3YRYVQzGa28AnVcGIYJmRYZqa6Ni2KPEBeaZs2hv988XEMs8sg:1uLMtU:CLbTgGwERGs5664EVK8savI6ewp2QptRuT6ZHCk-mV4	2025-06-14 10:09:04.890466-04
nw51exhvqau6aw4e3j1dvh2idv9tlin6	.eJxljLEOgjAURf-lsyGUlhbYNHFwcHFwMYY83muhSlpDcTL8u2gYMK73nHterIbn2NXPaIbaEatYxjbrrQG8G_8BdAPfhgSDHwfXJB8lWWhMjoFMv1vcn0AHsZvfVnGOFopCaUUCm5wjaSVR5KUQZWHT1IDUQktApblEsCAMJ0lZnltuYI6SGaHvTWTV5cUwkGvDHOZfEnFwD3TBz8vhvGXTZqWIf-W0Z9N1egNaL1Ji:1uKKVM:ihfRtZjZJsKL22wmK-k0i9kB5uhX18WuTCM1FyghRyw	2025-06-11 13:23:52.634732-04
p2auwaegeq174rvlt0e6h6qxzijzo1zq	.eJxVjDsOgzAQBe_iOrIw_kKZnhNEEVp214EEGQmbKsrdAxJF0r6ZN2_Rw1bGfsu89hOJVtTi8rsNgC9OB6AnpMcicUllnQZ5KPKkWXYL8Xw93b_ACHnc39EphRFCcN6RxsEqJO8Matto3YRYVQzGa28AnVcGIYJmRYZqa6Ni2KPEBeaZs2hv988XEMs8sg:1uLN2j:hKAhi2BdCDTPVlIZoxqx6fSx1o_03yUYbBMOq475i54	2025-06-14 10:18:37.605185-04
u9sgj4j1wlvur8czexsial8uzejna65r	.eJxVjT8PgjAUxL_Lmw0pSMqfTTcHVxdCyOt7rVSxNRQmwne3JCTqcsPd7-4W6HCe-m4OeuwsQw0pHH49hfTUbgv4ge7uE_JuGq1KNiTZ05BcPevhvLN_Az2GPrY1ohGosoKEYDKEHBVRScpYosqFomOhhDY5cZkypkJmBo0sq7wSlcA4ynrCYdAB6mYB8mzvHup08wON9k3Wu3h0uZ1gbb90N9mXGpEj27TrBweBUXI:1uX8sR:q8EeBDgAn6t2HHABOA55nCAgJhMXosuysHmO10NGsNI	2025-07-16 21:36:39.800397-04
y1sitgy6q9xhcdcxynov624pqg8o42np	.eJxVjDsOwjAQBe_iGllx1r9Q0nMGa71r4wCypTipEHeHSCmgfTPzXiLgtpaw9bSEmcVZjOL0u0WkR6o74DvWW5PU6rrMUe6KPGiX18bpeTncv4OCvXzrbJWijN5bZxkoGkXsrCYwE8Dk8zAk1A6cRrJOacKMkBRrHo3JKqF4fwDgRTgC:1uEzDi:tmIct4cZpHvgEjGT6gh9cmS2Zkv99bQEtpIA4-LchSs	2025-05-27 19:39:34.638949-04
xw08jico7qs0gosbxr5jloj5fsezglk2	.eJxVjDsOwjAQRO_iGlnrEDkJJT1nsGZ3bRxAtpRPhbg7iZQCminmvZm3CViXHNY5TmFUczHOnH47hjxj2YE-UO7VSi3LNLLdFXvQ2d6qxtf1cP8OMua8rSOQCNx0QqSSBLolwF4a9eCWWM4dU0ytaO8UjnyTkHw_tAMNBPP5AkxtOeQ:1uYx1h:G1_Y_g8yRCySYgY4ZSMlFznyblDHn-uVAULLuLHhlRs	2025-07-21 21:21:41.958076-04
qv5wk4cptgrrifhpnijwqs6h7qzr1vd6	.eJxVjDsOwjAQRO_iGlnrEDkJJT1nsGZ3bRxAtpRPhbg7iZQCminmvZm3CViXHNY5TmFUczHOnH47hjxj2YE-UO7VSi3LNLLdFXvQ2d6qxtf1cP8OMua8rSOQCNx0QqSSBLolwF4a9eCWWM4dU0ytaO8UjnyTkHw_tAMNBPP5AkxtOeQ:1uJz8D:9LUiLJ6Gf6HppSKbiBxr4C6xAT3W80Jpc7Xe0Lux6YE	2025-06-10 14:34:33.567722-04
7aok1izgqymwj8lwei000yo049w7g4o5	.eJxljbEOgjAURf_lzYZYW1pk08TBwcXBxRjyeK-VKlJDYSL8u5CYqHG999xzByiw76qij7YtPEMOK1h8ZyXS3TZzwTdsriGh0HStL5MZSd5tTA6Bbb19sz-CCmM1rZ0WghxmmTaaJZWpIDZakUzXUq4zt1xaVEYahaSNUIQOpRWseJWmTlicpGw7rGsbIT8PQIH9NUAu5jxS65_kQzMd7U8bGBcfQP4Bxx2Ml4-u6PyjbJEn9nwZX-znWjs:1uYwjd:KMZI_PQFrDFUo4sczSsHpkl1AehFuFQFEU7djm5mnj8	2025-07-21 21:03:01.632106-04
f6v5xv5taoq88a6hc78o659ner9n6wda	.eJxVjM0KwjAQhN8lZwnbWtKfo3efQCTMZhNbrQ006Ul8d1soqJeBmW9mXspiyb1dkp_tIKpThTr8Zgz38NMG5I7pFrWLU54H1ltF7zTpcxQ_nvbu30GP1K9rDwQCl7UjEhccZFWAjSvFgCtid6yZfKicNIWgIFMGBNO0VUstYT0VnzGOPqnucv06m4cnz5C4xe8PmBBG9Q:1uaRPA:3IzwREc61887j0lD-DhjKENPgnjq6cTycU6EbUc1fqc	2025-07-26 00:00:04.449546-04
57q24m8t2ldrhrz1321odn2jteeegrz0	.eJxVjDsOwjAQRO_iGlnrEDkJJT1nsGZ3bRxAtpRPhbg7iZQCminmvZm3CViXHNY5TmFUczHOnH47hjxj2YE-UO7VSi3LNLLdFXvQ2d6qxtf1cP8OMua8rSOQCNx0QqSSBLolwF4a9eCWWM4dU0ytaO8UjnyTkHw_tAMNBPP5AkxtOeQ:1ubVaC:_Pwpp6xf35iE5-VWSoKl1ttEaNS_9KFOKk0WgjL3PEQ	2025-07-28 22:39:52.900322-04
s9bdj2e5q3c8w1rb8iq845g1ob7ne5kk	.eJyrVorPTS0uTkxPLVayUoqOjlGKj88qzs-DicYo6SgY6CiYAHGMkk9-emaeQmZecn5RUWpyST5IMkYpRik2VqkWAIeQF6c:1uhgku:a67C1Mu9MgaUiQcgri-3RNjwTaFIFtpSaabNDa36bCM	2025-08-14 23:48:28.959485-04
gbgk7b9z2cs3slq6nc4d30tsv2u4a964	.eJxVjM0KwjAQhN8lZwnbWtKfo3efQCTMZhNbrQ006Ul8d1soqJeBmW9mXspiyb1dkp_tIKpThTr8Zgz38NMG5I7pFrWLU54H1ltF7zTpcxQ_nvbu30GP1K9rDwQCl7UjEhccZFWAjSvFgCtid6yZfKicNIWgIFMGBNO0VUstYT0VnzGOPqnucv06m4cnz5C4xe8PmBBG9Q:1unrVK:xeF0mdlnUgoIrDAJQwQ8zcDX3fgEJAW8zwdb08UzQTo	2025-09-01 00:29:54.838426-04
\.


--
-- Data for Name: obligaciones; Type: TABLE DATA; Schema: public; Owner: postgres
--

COPY public.obligaciones (obligacion, descripcion) FROM stdin;
1	IVA
2	IRP
3	IRE
\.


--
-- Data for Name: pagos; Type: TABLE DATA; Schema: public; Owner: postgres
--

COPY public.pagos (pago_id, fecha, monto, cliente_id, mes_pago, anio_pago) FROM stdin;
27	2025-03-12	150000	2137	\N	\N
\.


--
-- Name: auth_group_id_seq; Type: SEQUENCE SET; Schema: public; Owner: postgres
--

SELECT pg_catalog.setval('public.auth_group_id_seq', 1, false);


--
-- Name: auth_group_permissions_id_seq; Type: SEQUENCE SET; Schema: public; Owner: postgres
--

SELECT pg_catalog.setval('public.auth_group_permissions_id_seq', 1, false);


--
-- Name: auth_permission_id_seq; Type: SEQUENCE SET; Schema: public; Owner: postgres
--

SELECT pg_catalog.setval('public.auth_permission_id_seq', 24, true);


--
-- Name: auth_user_groups_id_seq; Type: SEQUENCE SET; Schema: public; Owner: postgres
--

SELECT pg_catalog.setval('public.auth_user_groups_id_seq', 1, false);


--
-- Name: auth_user_id_seq; Type: SEQUENCE SET; Schema: public; Owner: postgres
--

SELECT pg_catalog.setval('public.auth_user_id_seq', 2, true);


--
-- Name: auth_user_user_permissions_id_seq; Type: SEQUENCE SET; Schema: public; Owner: postgres
--

SELECT pg_catalog.setval('public.auth_user_user_permissions_id_seq', 1, false);


--
-- Name: clientes_actividades_id_seq; Type: SEQUENCE SET; Schema: public; Owner: postgres
--

SELECT pg_catalog.setval('public.clientes_actividades_id_seq', 153, true);


--
-- Name: clientes_cliente_seq; Type: SEQUENCE SET; Schema: public; Owner: postgres
--

SELECT pg_catalog.setval('public.clientes_cliente_seq', 2231, true);


--
-- Name: clientes_timbrado_id_seq; Type: SEQUENCE SET; Schema: public; Owner: postgres
--

SELECT pg_catalog.setval('public.clientes_timbrado_id_seq', 2, true);


--
-- Name: django_admin_log_id_seq; Type: SEQUENCE SET; Schema: public; Owner: postgres
--

SELECT pg_catalog.setval('public.django_admin_log_id_seq', 2, true);


--
-- Name: django_content_type_id_seq; Type: SEQUENCE SET; Schema: public; Owner: postgres
--

SELECT pg_catalog.setval('public.django_content_type_id_seq', 6, true);


--
-- Name: django_migrations_id_seq; Type: SEQUENCE SET; Schema: public; Owner: postgres
--

SELECT pg_catalog.setval('public.django_migrations_id_seq', 18, true);


--
-- Name: pagos_pago_id_seq; Type: SEQUENCE SET; Schema: public; Owner: postgres
--

SELECT pg_catalog.setval('public.pagos_pago_id_seq', 27, true);


--
-- Name: obligaciones actividad_economica_pkey; Type: CONSTRAINT; Schema: public; Owner: postgres
--

ALTER TABLE ONLY public.obligaciones
    ADD CONSTRAINT actividad_economica_pkey PRIMARY KEY (obligacion);


--
-- Name: auth_group auth_group_name_key; Type: CONSTRAINT; Schema: public; Owner: postgres
--

ALTER TABLE ONLY public.auth_group
    ADD CONSTRAINT auth_group_name_key UNIQUE (name);


--
-- Name: auth_group_permissions auth_group_permissions_group_id_permission_id_0cd325b0_uniq; Type: CONSTRAINT; Schema: public; Owner: postgres
--

ALTER TABLE ONLY public.auth_group_permissions
    ADD CONSTRAINT auth_group_permissions_group_id_permission_id_0cd325b0_uniq UNIQUE (group_id, permission_id);


--
-- Name: auth_group_permissions auth_group_permissions_pkey; Type: CONSTRAINT; Schema: public; Owner: postgres
--

ALTER TABLE ONLY public.auth_group_permissions
    ADD CONSTRAINT auth_group_permissions_pkey PRIMARY KEY (id);


--
-- Name: auth_group auth_group_pkey; Type: CONSTRAINT; Schema: public; Owner: postgres
--

ALTER TABLE ONLY public.auth_group
    ADD CONSTRAINT auth_group_pkey PRIMARY KEY (id);


--
-- Name: auth_permission auth_permission_content_type_id_codename_01ab375a_uniq; Type: CONSTRAINT; Schema: public; Owner: postgres
--

ALTER TABLE ONLY public.auth_permission
    ADD CONSTRAINT auth_permission_content_type_id_codename_01ab375a_uniq UNIQUE (content_type_id, codename);


--
-- Name: auth_permission auth_permission_pkey; Type: CONSTRAINT; Schema: public; Owner: postgres
--

ALTER TABLE ONLY public.auth_permission
    ADD CONSTRAINT auth_permission_pkey PRIMARY KEY (id);


--
-- Name: auth_user_groups auth_user_groups_pkey; Type: CONSTRAINT; Schema: public; Owner: postgres
--

ALTER TABLE ONLY public.auth_user_groups
    ADD CONSTRAINT auth_user_groups_pkey PRIMARY KEY (id);


--
-- Name: auth_user_groups auth_user_groups_user_id_group_id_94350c0c_uniq; Type: CONSTRAINT; Schema: public; Owner: postgres
--

ALTER TABLE ONLY public.auth_user_groups
    ADD CONSTRAINT auth_user_groups_user_id_group_id_94350c0c_uniq UNIQUE (user_id, group_id);


--
-- Name: auth_user auth_user_pkey; Type: CONSTRAINT; Schema: public; Owner: postgres
--

ALTER TABLE ONLY public.auth_user
    ADD CONSTRAINT auth_user_pkey PRIMARY KEY (id);


--
-- Name: auth_user_user_permissions auth_user_user_permissions_pkey; Type: CONSTRAINT; Schema: public; Owner: postgres
--

ALTER TABLE ONLY public.auth_user_user_permissions
    ADD CONSTRAINT auth_user_user_permissions_pkey PRIMARY KEY (id);


--
-- Name: auth_user_user_permissions auth_user_user_permissions_user_id_permission_id_14a6b632_uniq; Type: CONSTRAINT; Schema: public; Owner: postgres
--

ALTER TABLE ONLY public.auth_user_user_permissions
    ADD CONSTRAINT auth_user_user_permissions_user_id_permission_id_14a6b632_uniq UNIQUE (user_id, permission_id);


--
-- Name: auth_user auth_user_username_key; Type: CONSTRAINT; Schema: public; Owner: postgres
--

ALTER TABLE ONLY public.auth_user
    ADD CONSTRAINT auth_user_username_key UNIQUE (username);


--
-- Name: clientes_obligaciones clientes_actividades_pkey; Type: CONSTRAINT; Schema: public; Owner: postgres
--

ALTER TABLE ONLY public.clientes_obligaciones
    ADD CONSTRAINT clientes_actividades_pkey PRIMARY KEY (id);


--
-- Name: clientes clientes_pkey; Type: CONSTRAINT; Schema: public; Owner: postgres
--

ALTER TABLE ONLY public.clientes
    ADD CONSTRAINT clientes_pkey PRIMARY KEY (cliente);


--
-- Name: django_admin_log django_admin_log_pkey; Type: CONSTRAINT; Schema: public; Owner: postgres
--

ALTER TABLE ONLY public.django_admin_log
    ADD CONSTRAINT django_admin_log_pkey PRIMARY KEY (id);


--
-- Name: django_content_type django_content_type_app_label_model_76bd3d3b_uniq; Type: CONSTRAINT; Schema: public; Owner: postgres
--

ALTER TABLE ONLY public.django_content_type
    ADD CONSTRAINT django_content_type_app_label_model_76bd3d3b_uniq UNIQUE (app_label, model);


--
-- Name: django_content_type django_content_type_pkey; Type: CONSTRAINT; Schema: public; Owner: postgres
--

ALTER TABLE ONLY public.django_content_type
    ADD CONSTRAINT django_content_type_pkey PRIMARY KEY (id);


--
-- Name: django_migrations django_migrations_pkey; Type: CONSTRAINT; Schema: public; Owner: postgres
--

ALTER TABLE ONLY public.django_migrations
    ADD CONSTRAINT django_migrations_pkey PRIMARY KEY (id);


--
-- Name: django_session django_session_pkey; Type: CONSTRAINT; Schema: public; Owner: postgres
--

ALTER TABLE ONLY public.django_session
    ADD CONSTRAINT django_session_pkey PRIMARY KEY (session_key);


--
-- Name: pagos pagos_pkey; Type: CONSTRAINT; Schema: public; Owner: postgres
--

ALTER TABLE ONLY public.pagos
    ADD CONSTRAINT pagos_pkey PRIMARY KEY (pago_id);


--
-- Name: clientes unico_cedula; Type: CONSTRAINT; Schema: public; Owner: postgres
--

ALTER TABLE ONLY public.clientes
    ADD CONSTRAINT unico_cedula UNIQUE (cedula);


--
-- Name: auth_group_name_a6ea08ec_like; Type: INDEX; Schema: public; Owner: postgres
--

CREATE INDEX auth_group_name_a6ea08ec_like ON public.auth_group USING btree (name varchar_pattern_ops);


--
-- Name: auth_group_permissions_group_id_b120cbf9; Type: INDEX; Schema: public; Owner: postgres
--

CREATE INDEX auth_group_permissions_group_id_b120cbf9 ON public.auth_group_permissions USING btree (group_id);


--
-- Name: auth_group_permissions_permission_id_84c5c92e; Type: INDEX; Schema: public; Owner: postgres
--

CREATE INDEX auth_group_permissions_permission_id_84c5c92e ON public.auth_group_permissions USING btree (permission_id);


--
-- Name: auth_permission_content_type_id_2f476e4b; Type: INDEX; Schema: public; Owner: postgres
--

CREATE INDEX auth_permission_content_type_id_2f476e4b ON public.auth_permission USING btree (content_type_id);


--
-- Name: auth_user_groups_group_id_97559544; Type: INDEX; Schema: public; Owner: postgres
--

CREATE INDEX auth_user_groups_group_id_97559544 ON public.auth_user_groups USING btree (group_id);


--
-- Name: auth_user_groups_user_id_6a12ed8b; Type: INDEX; Schema: public; Owner: postgres
--

CREATE INDEX auth_user_groups_user_id_6a12ed8b ON public.auth_user_groups USING btree (user_id);


--
-- Name: auth_user_user_permissions_permission_id_1fbb5f2c; Type: INDEX; Schema: public; Owner: postgres
--

CREATE INDEX auth_user_user_permissions_permission_id_1fbb5f2c ON public.auth_user_user_permissions USING btree (permission_id);


--
-- Name: auth_user_user_permissions_user_id_a95ead1b; Type: INDEX; Schema: public; Owner: postgres
--

CREATE INDEX auth_user_user_permissions_user_id_a95ead1b ON public.auth_user_user_permissions USING btree (user_id);


--
-- Name: auth_user_username_6821ab7c_like; Type: INDEX; Schema: public; Owner: postgres
--

CREATE INDEX auth_user_username_6821ab7c_like ON public.auth_user USING btree (username varchar_pattern_ops);


--
-- Name: django_admin_log_content_type_id_c4bce8eb; Type: INDEX; Schema: public; Owner: postgres
--

CREATE INDEX django_admin_log_content_type_id_c4bce8eb ON public.django_admin_log USING btree (content_type_id);


--
-- Name: django_admin_log_user_id_c564eba6; Type: INDEX; Schema: public; Owner: postgres
--

CREATE INDEX django_admin_log_user_id_c564eba6 ON public.django_admin_log USING btree (user_id);


--
-- Name: django_session_expire_date_a5c62663; Type: INDEX; Schema: public; Owner: postgres
--

CREATE INDEX django_session_expire_date_a5c62663 ON public.django_session USING btree (expire_date);


--
-- Name: django_session_session_key_c0390e0f_like; Type: INDEX; Schema: public; Owner: postgres
--

CREATE INDEX django_session_session_key_c0390e0f_like ON public.django_session USING btree (session_key varchar_pattern_ops);


--
-- Name: auth_group_permissions auth_group_permissio_permission_id_84c5c92e_fk_auth_perm; Type: FK CONSTRAINT; Schema: public; Owner: postgres
--

ALTER TABLE ONLY public.auth_group_permissions
    ADD CONSTRAINT auth_group_permissio_permission_id_84c5c92e_fk_auth_perm FOREIGN KEY (permission_id) REFERENCES public.auth_permission(id) DEFERRABLE INITIALLY DEFERRED;


--
-- Name: auth_group_permissions auth_group_permissions_group_id_b120cbf9_fk_auth_group_id; Type: FK CONSTRAINT; Schema: public; Owner: postgres
--

ALTER TABLE ONLY public.auth_group_permissions
    ADD CONSTRAINT auth_group_permissions_group_id_b120cbf9_fk_auth_group_id FOREIGN KEY (group_id) REFERENCES public.auth_group(id) DEFERRABLE INITIALLY DEFERRED;


--
-- Name: auth_permission auth_permission_content_type_id_2f476e4b_fk_django_co; Type: FK CONSTRAINT; Schema: public; Owner: postgres
--

ALTER TABLE ONLY public.auth_permission
    ADD CONSTRAINT auth_permission_content_type_id_2f476e4b_fk_django_co FOREIGN KEY (content_type_id) REFERENCES public.django_content_type(id) DEFERRABLE INITIALLY DEFERRED;


--
-- Name: auth_user_groups auth_user_groups_group_id_97559544_fk_auth_group_id; Type: FK CONSTRAINT; Schema: public; Owner: postgres
--

ALTER TABLE ONLY public.auth_user_groups
    ADD CONSTRAINT auth_user_groups_group_id_97559544_fk_auth_group_id FOREIGN KEY (group_id) REFERENCES public.auth_group(id) DEFERRABLE INITIALLY DEFERRED;


--
-- Name: auth_user_groups auth_user_groups_user_id_6a12ed8b_fk_auth_user_id; Type: FK CONSTRAINT; Schema: public; Owner: postgres
--

ALTER TABLE ONLY public.auth_user_groups
    ADD CONSTRAINT auth_user_groups_user_id_6a12ed8b_fk_auth_user_id FOREIGN KEY (user_id) REFERENCES public.auth_user(id) DEFERRABLE INITIALLY DEFERRED;


--
-- Name: auth_user_user_permissions auth_user_user_permi_permission_id_1fbb5f2c_fk_auth_perm; Type: FK CONSTRAINT; Schema: public; Owner: postgres
--

ALTER TABLE ONLY public.auth_user_user_permissions
    ADD CONSTRAINT auth_user_user_permi_permission_id_1fbb5f2c_fk_auth_perm FOREIGN KEY (permission_id) REFERENCES public.auth_permission(id) DEFERRABLE INITIALLY DEFERRED;


--
-- Name: auth_user_user_permissions auth_user_user_permissions_user_id_a95ead1b_fk_auth_user_id; Type: FK CONSTRAINT; Schema: public; Owner: postgres
--

ALTER TABLE ONLY public.auth_user_user_permissions
    ADD CONSTRAINT auth_user_user_permissions_user_id_a95ead1b_fk_auth_user_id FOREIGN KEY (user_id) REFERENCES public.auth_user(id) DEFERRABLE INITIALLY DEFERRED;


--
-- Name: django_admin_log django_admin_log_content_type_id_c4bce8eb_fk_django_co; Type: FK CONSTRAINT; Schema: public; Owner: postgres
--

ALTER TABLE ONLY public.django_admin_log
    ADD CONSTRAINT django_admin_log_content_type_id_c4bce8eb_fk_django_co FOREIGN KEY (content_type_id) REFERENCES public.django_content_type(id) DEFERRABLE INITIALLY DEFERRED;


--
-- Name: django_admin_log django_admin_log_user_id_c564eba6_fk_auth_user_id; Type: FK CONSTRAINT; Schema: public; Owner: postgres
--

ALTER TABLE ONLY public.django_admin_log
    ADD CONSTRAINT django_admin_log_user_id_c564eba6_fk_auth_user_id FOREIGN KEY (user_id) REFERENCES public.auth_user(id) DEFERRABLE INITIALLY DEFERRED;


--
-- Name: pagos fk_cliente; Type: FK CONSTRAINT; Schema: public; Owner: postgres
--

ALTER TABLE ONLY public.pagos
    ADD CONSTRAINT fk_cliente FOREIGN KEY (cliente_id) REFERENCES public.clientes(cliente);


--
-- Name: clientes_obligaciones fk_cliente; Type: FK CONSTRAINT; Schema: public; Owner: postgres
--

ALTER TABLE ONLY public.clientes_obligaciones
    ADD CONSTRAINT fk_cliente FOREIGN KEY (cliente_id) REFERENCES public.clientes(cliente);


--
-- PostgreSQL database dump complete
--

