--
-- PostgreSQL database dump
--

-- Dumped from database version 16.6 (Ubuntu 16.6-0ubuntu0.24.04.1)
-- Dumped by pg_dump version 16.6 (Ubuntu 16.6-0ubuntu0.24.04.1)

-- Started on 2025-02-18 22:36:59 -03

SET statement_timeout = 0;
SET lock_timeout = 0;
SET idle_in_transaction_session_timeout = 0;
SET client_encoding = 'UTF8';
SET standard_conforming_strings = on;
SELECT pg_catalog.set_config('search_path', '', false);
SET check_function_bodies = false;
SET xmloption = content;
SET client_min_messages = warning;
SET row_security = off;

SET default_tablespace = '';

SET default_table_access_method = heap;

--
-- TOC entry 215 (class 1259 OID 17155)
-- Name: actividad_economica; Type: TABLE; Schema: public; Owner: postgres
--

CREATE TABLE public.actividad_economica (
    actividad integer NOT NULL,
    descripcion character varying(120) NOT NULL
);


ALTER TABLE public.actividad_economica OWNER TO postgres;

--
-- TOC entry 216 (class 1259 OID 17158)
-- Name: auth_group; Type: TABLE; Schema: public; Owner: postgres
--

CREATE TABLE public.auth_group (
    id integer NOT NULL,
    name character varying(150) NOT NULL
);


ALTER TABLE public.auth_group OWNER TO postgres;

--
-- TOC entry 217 (class 1259 OID 17161)
-- Name: auth_group_id_seq; Type: SEQUENCE; Schema: public; Owner: postgres
--

ALTER TABLE public.auth_group ALTER COLUMN id ADD GENERATED BY DEFAULT AS IDENTITY (
    SEQUENCE NAME public.auth_group_id_seq
    START WITH 1
    INCREMENT BY 1
    NO MINVALUE
    NO MAXVALUE
    CACHE 1
);


--
-- TOC entry 218 (class 1259 OID 17162)
-- Name: auth_group_permissions; Type: TABLE; Schema: public; Owner: postgres
--

CREATE TABLE public.auth_group_permissions (
    id bigint NOT NULL,
    group_id integer NOT NULL,
    permission_id integer NOT NULL
);


ALTER TABLE public.auth_group_permissions OWNER TO postgres;

--
-- TOC entry 219 (class 1259 OID 17165)
-- Name: auth_group_permissions_id_seq; Type: SEQUENCE; Schema: public; Owner: postgres
--

ALTER TABLE public.auth_group_permissions ALTER COLUMN id ADD GENERATED BY DEFAULT AS IDENTITY (
    SEQUENCE NAME public.auth_group_permissions_id_seq
    START WITH 1
    INCREMENT BY 1
    NO MINVALUE
    NO MAXVALUE
    CACHE 1
);


--
-- TOC entry 220 (class 1259 OID 17166)
-- Name: auth_permission; Type: TABLE; Schema: public; Owner: postgres
--

CREATE TABLE public.auth_permission (
    id integer NOT NULL,
    name character varying(255) NOT NULL,
    content_type_id integer NOT NULL,
    codename character varying(100) NOT NULL
);


ALTER TABLE public.auth_permission OWNER TO postgres;

--
-- TOC entry 221 (class 1259 OID 17169)
-- Name: auth_permission_id_seq; Type: SEQUENCE; Schema: public; Owner: postgres
--

ALTER TABLE public.auth_permission ALTER COLUMN id ADD GENERATED BY DEFAULT AS IDENTITY (
    SEQUENCE NAME public.auth_permission_id_seq
    START WITH 1
    INCREMENT BY 1
    NO MINVALUE
    NO MAXVALUE
    CACHE 1
);


--
-- TOC entry 222 (class 1259 OID 17170)
-- Name: auth_user; Type: TABLE; Schema: public; Owner: postgres
--

CREATE TABLE public.auth_user (
    id integer NOT NULL,
    password character varying(128) NOT NULL,
    last_login timestamp with time zone,
    is_superuser boolean NOT NULL,
    username character varying(150) NOT NULL,
    first_name character varying(150) NOT NULL,
    last_name character varying(150) NOT NULL,
    email character varying(254) NOT NULL,
    is_staff boolean NOT NULL,
    is_active boolean NOT NULL,
    date_joined timestamp with time zone NOT NULL
);


ALTER TABLE public.auth_user OWNER TO postgres;

--
-- TOC entry 223 (class 1259 OID 17175)
-- Name: auth_user_groups; Type: TABLE; Schema: public; Owner: postgres
--

CREATE TABLE public.auth_user_groups (
    id bigint NOT NULL,
    user_id integer NOT NULL,
    group_id integer NOT NULL
);


ALTER TABLE public.auth_user_groups OWNER TO postgres;

--
-- TOC entry 224 (class 1259 OID 17178)
-- Name: auth_user_groups_id_seq; Type: SEQUENCE; Schema: public; Owner: postgres
--

ALTER TABLE public.auth_user_groups ALTER COLUMN id ADD GENERATED BY DEFAULT AS IDENTITY (
    SEQUENCE NAME public.auth_user_groups_id_seq
    START WITH 1
    INCREMENT BY 1
    NO MINVALUE
    NO MAXVALUE
    CACHE 1
);


--
-- TOC entry 225 (class 1259 OID 17179)
-- Name: auth_user_id_seq; Type: SEQUENCE; Schema: public; Owner: postgres
--

ALTER TABLE public.auth_user ALTER COLUMN id ADD GENERATED BY DEFAULT AS IDENTITY (
    SEQUENCE NAME public.auth_user_id_seq
    START WITH 1
    INCREMENT BY 1
    NO MINVALUE
    NO MAXVALUE
    CACHE 1
);


--
-- TOC entry 226 (class 1259 OID 17180)
-- Name: auth_user_user_permissions; Type: TABLE; Schema: public; Owner: postgres
--

CREATE TABLE public.auth_user_user_permissions (
    id bigint NOT NULL,
    user_id integer NOT NULL,
    permission_id integer NOT NULL
);


ALTER TABLE public.auth_user_user_permissions OWNER TO postgres;

--
-- TOC entry 227 (class 1259 OID 17183)
-- Name: auth_user_user_permissions_id_seq; Type: SEQUENCE; Schema: public; Owner: postgres
--

ALTER TABLE public.auth_user_user_permissions ALTER COLUMN id ADD GENERATED BY DEFAULT AS IDENTITY (
    SEQUENCE NAME public.auth_user_user_permissions_id_seq
    START WITH 1
    INCREMENT BY 1
    NO MINVALUE
    NO MAXVALUE
    CACHE 1
);


--
-- TOC entry 228 (class 1259 OID 17184)
-- Name: clientes; Type: TABLE; Schema: public; Owner: postgres
--

CREATE TABLE public.clientes (
    cliente integer NOT NULL,
    cedula character varying(20) NOT NULL,
    nombre character varying(100) NOT NULL,
    apellido character varying(100) NOT NULL,
    timbrado character varying(50),
    celular character varying(20),
    email character varying(100),
    direccion character varying(200)
);


ALTER TABLE public.clientes OWNER TO postgres;

--
-- TOC entry 229 (class 1259 OID 17189)
-- Name: clientes_cliente_seq; Type: SEQUENCE; Schema: public; Owner: postgres
--

CREATE SEQUENCE public.clientes_cliente_seq
    AS integer
    START WITH 1
    INCREMENT BY 1
    NO MINVALUE
    NO MAXVALUE
    CACHE 1;


ALTER SEQUENCE public.clientes_cliente_seq OWNER TO postgres;

--
-- TOC entry 3620 (class 0 OID 0)
-- Dependencies: 229
-- Name: clientes_cliente_seq; Type: SEQUENCE OWNED BY; Schema: public; Owner: postgres
--

ALTER SEQUENCE public.clientes_cliente_seq OWNED BY public.clientes.cliente;


--
-- TOC entry 230 (class 1259 OID 17190)
-- Name: django_admin_log; Type: TABLE; Schema: public; Owner: postgres
--

CREATE TABLE public.django_admin_log (
    id integer NOT NULL,
    action_time timestamp with time zone NOT NULL,
    object_id text,
    object_repr character varying(200) NOT NULL,
    action_flag smallint NOT NULL,
    change_message text NOT NULL,
    content_type_id integer,
    user_id integer NOT NULL,
    CONSTRAINT django_admin_log_action_flag_check CHECK ((action_flag >= 0))
);


ALTER TABLE public.django_admin_log OWNER TO postgres;

--
-- TOC entry 231 (class 1259 OID 17196)
-- Name: django_admin_log_id_seq; Type: SEQUENCE; Schema: public; Owner: postgres
--

ALTER TABLE public.django_admin_log ALTER COLUMN id ADD GENERATED BY DEFAULT AS IDENTITY (
    SEQUENCE NAME public.django_admin_log_id_seq
    START WITH 1
    INCREMENT BY 1
    NO MINVALUE
    NO MAXVALUE
    CACHE 1
);


--
-- TOC entry 232 (class 1259 OID 17197)
-- Name: django_content_type; Type: TABLE; Schema: public; Owner: postgres
--

CREATE TABLE public.django_content_type (
    id integer NOT NULL,
    app_label character varying(100) NOT NULL,
    model character varying(100) NOT NULL
);


ALTER TABLE public.django_content_type OWNER TO postgres;

--
-- TOC entry 233 (class 1259 OID 17200)
-- Name: django_content_type_id_seq; Type: SEQUENCE; Schema: public; Owner: postgres
--

ALTER TABLE public.django_content_type ALTER COLUMN id ADD GENERATED BY DEFAULT AS IDENTITY (
    SEQUENCE NAME public.django_content_type_id_seq
    START WITH 1
    INCREMENT BY 1
    NO MINVALUE
    NO MAXVALUE
    CACHE 1
);


--
-- TOC entry 234 (class 1259 OID 17201)
-- Name: django_migrations; Type: TABLE; Schema: public; Owner: postgres
--

CREATE TABLE public.django_migrations (
    id bigint NOT NULL,
    app character varying(255) NOT NULL,
    name character varying(255) NOT NULL,
    applied timestamp with time zone NOT NULL
);


ALTER TABLE public.django_migrations OWNER TO postgres;

--
-- TOC entry 235 (class 1259 OID 17206)
-- Name: django_migrations_id_seq; Type: SEQUENCE; Schema: public; Owner: postgres
--

ALTER TABLE public.django_migrations ALTER COLUMN id ADD GENERATED BY DEFAULT AS IDENTITY (
    SEQUENCE NAME public.django_migrations_id_seq
    START WITH 1
    INCREMENT BY 1
    NO MINVALUE
    NO MAXVALUE
    CACHE 1
);


--
-- TOC entry 236 (class 1259 OID 17207)
-- Name: django_session; Type: TABLE; Schema: public; Owner: postgres
--

CREATE TABLE public.django_session (
    session_key character varying(40) NOT NULL,
    session_data text NOT NULL,
    expire_date timestamp with time zone NOT NULL
);


ALTER TABLE public.django_session OWNER TO postgres;

--
-- TOC entry 237 (class 1259 OID 17212)
-- Name: pagos; Type: TABLE; Schema: public; Owner: postgres
--

CREATE TABLE public.pagos (
    pago_id integer NOT NULL,
    fecha date NOT NULL,
    monto numeric(10,2) NOT NULL,
    actividad_economica_id integer NOT NULL,
    cliente_id integer NOT NULL
);


ALTER TABLE public.pagos OWNER TO postgres;

--
-- TOC entry 238 (class 1259 OID 17215)
-- Name: pagos_pago_id_seq; Type: SEQUENCE; Schema: public; Owner: postgres
--

CREATE SEQUENCE public.pagos_pago_id_seq
    AS integer
    START WITH 1
    INCREMENT BY 1
    NO MINVALUE
    NO MAXVALUE
    CACHE 1;


ALTER SEQUENCE public.pagos_pago_id_seq OWNER TO postgres;

--
-- TOC entry 3621 (class 0 OID 0)
-- Dependencies: 238
-- Name: pagos_pago_id_seq; Type: SEQUENCE OWNED BY; Schema: public; Owner: postgres
--

ALTER SEQUENCE public.pagos_pago_id_seq OWNED BY public.pagos.pago_id;


--
-- TOC entry 3379 (class 2604 OID 17216)
-- Name: clientes cliente; Type: DEFAULT; Schema: public; Owner: postgres
--

ALTER TABLE ONLY public.clientes ALTER COLUMN cliente SET DEFAULT nextval('public.clientes_cliente_seq'::regclass);


--
-- TOC entry 3380 (class 2604 OID 17217)
-- Name: pagos pago_id; Type: DEFAULT; Schema: public; Owner: postgres
--

ALTER TABLE ONLY public.pagos ALTER COLUMN pago_id SET DEFAULT nextval('public.pagos_pago_id_seq'::regclass);


--
-- TOC entry 3591 (class 0 OID 17155)
-- Dependencies: 215
-- Data for Name: actividad_economica; Type: TABLE DATA; Schema: public; Owner: postgres
--

COPY public.actividad_economica (actividad, descripcion) FROM stdin;
4	Vencimiento Ire Re Simple
2	Vencimiento Ire
45	gdsgsgsa
8	sgsgsag
9	dgsag
10	dsagsgag
11	gdsagsga
12	dgsagasg
15	gasgasgasga
16	gggsags
174	gssgga
18	gagsga
19	gsgasdg
20	gdgasgsag
22	gdsggsa
23	gsadgasg
24	gasah
25	gasgasgsg
30	dsagasdgsg
31	dgasgsaga
32	gasdgsga
33	gsagasgasg
34	asgasgasg
35	gsasgsgasg
36	gssgsgsa
37	gagsga
38	dgsgsag
39	gdgsagsa
40	gdsgsaga
\.


--
-- TOC entry 3592 (class 0 OID 17158)
-- Dependencies: 216
-- Data for Name: auth_group; Type: TABLE DATA; Schema: public; Owner: postgres
--

COPY public.auth_group (id, name) FROM stdin;
\.


--
-- TOC entry 3594 (class 0 OID 17162)
-- Dependencies: 218
-- Data for Name: auth_group_permissions; Type: TABLE DATA; Schema: public; Owner: postgres
--

COPY public.auth_group_permissions (id, group_id, permission_id) FROM stdin;
\.


--
-- TOC entry 3596 (class 0 OID 17166)
-- Dependencies: 220
-- Data for Name: auth_permission; Type: TABLE DATA; Schema: public; Owner: postgres
--

COPY public.auth_permission (id, name, content_type_id, codename) FROM stdin;
1	Can add log entry	1	add_logentry
2	Can change log entry	1	change_logentry
3	Can delete log entry	1	delete_logentry
4	Can view log entry	1	view_logentry
5	Can add permission	2	add_permission
6	Can change permission	2	change_permission
7	Can delete permission	2	delete_permission
8	Can view permission	2	view_permission
9	Can add group	3	add_group
10	Can change group	3	change_group
11	Can delete group	3	delete_group
12	Can view group	3	view_group
13	Can add user	4	add_user
14	Can change user	4	change_user
15	Can delete user	4	delete_user
16	Can view user	4	view_user
17	Can add content type	5	add_contenttype
18	Can change content type	5	change_contenttype
19	Can delete content type	5	delete_contenttype
20	Can view content type	5	view_contenttype
21	Can add session	6	add_session
22	Can change session	6	change_session
23	Can delete session	6	delete_session
24	Can view session	6	view_session
\.


--
-- TOC entry 3598 (class 0 OID 17170)
-- Dependencies: 222
-- Data for Name: auth_user; Type: TABLE DATA; Schema: public; Owner: postgres
--

COPY public.auth_user (id, password, last_login, is_superuser, username, first_name, last_name, email, is_staff, is_active, date_joined) FROM stdin;
1	pbkdf2_sha256$870000$CFFYWjgHO7I3htswxak0zI$vBMuXRxwSPohzpMLjQQxbSZicMOD9Ed0rwoVR9s3IXM=	2025-02-18 19:20:29.82766-03	t	admin				t	t	2025-02-07 16:18:45.117768-03
\.


--
-- TOC entry 3599 (class 0 OID 17175)
-- Dependencies: 223
-- Data for Name: auth_user_groups; Type: TABLE DATA; Schema: public; Owner: postgres
--

COPY public.auth_user_groups (id, user_id, group_id) FROM stdin;
\.


--
-- TOC entry 3602 (class 0 OID 17180)
-- Dependencies: 226
-- Data for Name: auth_user_user_permissions; Type: TABLE DATA; Schema: public; Owner: postgres
--

COPY public.auth_user_user_permissions (id, user_id, permission_id) FROM stdin;
\.


--
-- TOC entry 3604 (class 0 OID 17184)
-- Dependencies: 228
-- Data for Name: clientes; Type: TABLE DATA; Schema: public; Owner: postgres
--

COPY public.clientes (cliente, cedula, nombre, apellido, timbrado, celular, email, direccion) FROM stdin;
81	77447300	Carlos	Peralta	477317	455352459	carlos.peralta@yahoo.com	Calle 24, Ciudad 2
82	10784275	Elena	Cantero	686451	\N	elena.cantero@hotmail.com	Calle 92, Ciudad 9
83	68134253	Florencia	Galeano	\N	\N	florencia.galeano@hotmail.com	Calle 89, Ciudad 8
84	29185119	Juan	Silva	\N	\N	juan.silva@hotmail.com	Calle 25, Ciudad 8
85	76588932	Ana	Rojas	\N	\N	ana.rojas@yahoo.com	Calle 27, Ciudad 7
86	74574270	Ana	Gomez	827791	\N	ana.gomez@hotmail.com	Calle 17, Ciudad 10
87	48689716	Pedro	Coronel	\N	599481866	pedro.coronel@gmail.com	Calle 89, Ciudad 3
88	74399724	Lucia	Dominguez	\N	\N	lucia.dominguez@hotmail.com	Calle 39, Ciudad 6
89	65799246	Laura	Romero	\N	\N	laura.romero@gmail.com	Calle 39, Ciudad 7
90	76668278	Fernando	Romero	\N	\N	fernando.romero@outlook.com	Calle 26, Ciudad 8
91	71222188	Lucia	Peralta	178657	\N	lucia.peralta@outlook.com	Calle 55, Ciudad 9
92	57201800	Laura	Lopez	180880	\N	laura.lopez@outlook.com	Calle 35, Ciudad 9
93	26532947	Florencia	Vargas	462774	659798363	florencia.vargas@yahoo.com	Calle 67, Ciudad 3
94	40656599	Roberto	Perez	\N	\N	roberto.perez@outlook.com	Calle 49, Ciudad 8
95	79079161	Daniel	Peralta	695359	540621976	daniel.peralta@gmail.com	Calle 39, Ciudad 3
96	45788632	Manuel	Jimenez	591875	154448937	manuel.jimenez@gmail.com	Calle 54, Ciudad 8
97	81382669	Pedro	Vera	825492	962691943	pedro.vera@yahoo.com	Calle 10, Ciudad 6
98	24628235	Ana	Navarro	290698	\N	ana.navarro@yahoo.com	Calle 10, Ciudad 9
99	19261373	Alejandro	Ortega	\N	738077268	alejandro.ortega@yahoo.com	Calle 68, Ciudad 5
100	73748012	Daniel	Benitez	105876	\N	daniel.benitez@outlook.com	Calle 96, Ciudad 8
101	43687076	Sebastian	Perez	421509	\N	sebastian.perez@yahoo.com	Calle 14, Ciudad 7
102	74532821	Gabriel	Flores	\N	\N	gabriel.flores@yahoo.com	Calle 51, Ciudad 7
103	10229184	Roberto	Vargas	488145	915021900	roberto.vargas@yahoo.com	Calle 66, Ciudad 7
104	71299000	Florencia	Martinez	429367	\N	florencia.martinez@yahoo.com	Calle 82, Ciudad 1
105	77070845	Paula	Lopez	\N	949901517	paula.lopez@hotmail.com	Calle 36, Ciudad 8
106	27163497	Florencia	Paredes	\N	396594620	florencia.paredes@gmail.com	Calle 75, Ciudad 7
107	56955230	Andrea	Flores	\N	510708766	andrea.flores@hotmail.com	Calle 1, Ciudad 1
108	74901870	Victoria	Rojas	\N	\N	victoria.rojas@outlook.com	Calle 59, Ciudad 6
109	73589606	Hugo	Vargas	\N	\N	hugo.vargas@gmail.com	Calle 84, Ciudad 7
110	69833781	Sebastian	Vera	888080	524960524	sebastian.vera@hotmail.com	Calle 65, Ciudad 1
111	37979930	Valentina	Galeano	\N	\N	valentina.galeano@hotmail.com	Calle 98, Ciudad 3
112	75124899	Alejandro	Gomez	832334	\N	alejandro.gomez@gmail.com	Calle 51, Ciudad 3
113	92883512	Camila	Acosta	\N	625408366	camila.acosta@outlook.com	Calle 38, Ciudad 8
114	34662725	Julieta	Rojas	756159	\N	julieta.rojas@yahoo.com	Calle 89, Ciudad 4
115	48087044	Luis	Benitez	833459	\N	luis.benitez@hotmail.com	Calle 77, Ciudad 4
116	18674173	Alejandro	Franco	\N	\N	alejandro.franco@hotmail.com	Calle 71, Ciudad 1
117	24835959	Lucia	Figueroa	622817	\N	lucia.figueroa@gmail.com	Calle 14, Ciudad 1
118	20269985	Florencia	Vera	\N	558501291	florencia.vera@outlook.com	Calle 53, Ciudad 6
119	56097254	Valentina	Ramirez	382666	\N	valentina.ramirez@yahoo.com	Calle 59, Ciudad 7
120	95698336	Ana	Martinez	306670	\N	ana.martinez@hotmail.com	Calle 8, Ciudad 7
121	55198922	Hugo	Sanchez	\N	830299904	hugo.sanchez@gmail.com	Calle 64, Ciudad 9
122	12973432	Valentina	Salazar	941425	\N	valentina.salazar@yahoo.com	Calle 76, Ciudad 10
123	72351889	Hugo	Castro	567211	\N	hugo.castro@hotmail.com	Calle 66, Ciudad 3
124	14391748	Fernando	Perez	488125	\N	fernando.perez@hotmail.com	Calle 76, Ciudad 7
125	12098540	Martina	Martinez	886864	\N	martina.martinez@hotmail.com	Calle 23, Ciudad 2
126	47873589	Ana	Delgado	\N	593518775	ana.delgado@yahoo.com	Calle 33, Ciudad 5
127	29133455	Hugo	Rojas	\N	665762769	hugo.rojas@hotmail.com	Calle 9, Ciudad 4
128	38424728	Juan	Rodriguez	\N	\N	juan.rodriguez@hotmail.com	Calle 24, Ciudad 1
129	36277233	Laura	Delgado	344889	700457373	laura.delgado@hotmail.com	Calle 17, Ciudad 8
130	70441158	Maria	Castro	\N	577689434	maria.castro@hotmail.com	Calle 30, Ciudad 2
131	17597438	Ana	Delgado	739113	194416079	ana.delgado@outlook.com	Calle 24, Ciudad 8
132	88541337	Carlos	Flores	\N	570065601	carlos.flores@hotmail.com	Calle 7, Ciudad 8
133	91282932	Manuel	Acosta	113012	\N	manuel.acosta@outlook.com	Calle 81, Ciudad 6
134	78054525	Javier	Flores	\N	879362136	javier.flores@hotmail.com	Calle 66, Ciudad 5
135	81146576	Alejandro	Dominguez	337417	373086189	alejandro.dominguez@outlook.com	Calle 53, Ciudad 7
136	53998626	Fernando	Flores	391302	933191726	fernando.flores@yahoo.com	Calle 32, Ciudad 5
137	63879951	Carlos	Figueroa	547923	\N	carlos.figueroa@outlook.com	Calle 64, Ciudad 3
138	96369299	Fernando	Herrera	423984	\N	fernando.herrera@outlook.com	Calle 80, Ciudad 5
139	54508315	Andrea	Torres	\N	311529865	andrea.torres@yahoo.com	Calle 54, Ciudad 8
140	24354775	Fernando	Sanchez	\N	\N	fernando.sanchez@gmail.com	Calle 84, Ciudad 10
141	30465508	Ana	Ramirez	819658	471556992	ana.ramirez@outlook.com	Calle 37, Ciudad 7
142	98920213	Manuel	Sanchez	816822	297332836	manuel.sanchez@hotmail.com	Calle 44, Ciudad 4
143	32818421	Elena	Paredes	\N	\N	elena.paredes@yahoo.com	Calle 83, Ciudad 10
144	90414316	Julieta	Cantero	349438	767501803	julieta.cantero@hotmail.com	Calle 71, Ciudad 3
145	76622768	Victoria	Galeano	463514	\N	victoria.galeano@outlook.com	Calle 24, Ciudad 3
146	35312024	Alejandro	Torres	444215	883528930	alejandro.torres@yahoo.com	Calle 38, Ciudad 4
147	89463390	Laura	Martinez	952912	\N	laura.martinez@outlook.com	Calle 99, Ciudad 7
148	87455922	Elena	Perez	977662	655619848	elena.perez@hotmail.com	Calle 88, Ciudad 7
149	10232825	Julieta	Vargas	\N	323910813	julieta.vargas@yahoo.com	Calle 60, Ciudad 6
150	16276086	Andrea	Dominguez	695573	735927917	andrea.dominguez@hotmail.com	Calle 8, Ciudad 1
151	87216828	Gabriel	Jimenez	310405	653577528	gabriel.jimenez@outlook.com	Calle 56, Ciudad 9
152	38439620	Martina	Herrera	\N	\N	martina.herrera@gmail.com	Calle 55, Ciudad 4
153	51652865	Carolina	Gomez	\N	299282840	carolina.gomez@outlook.com	Calle 23, Ciudad 8
154	63007288	Carolina	Herrera	318319	822929178	carolina.herrera@yahoo.com	Calle 58, Ciudad 3
155	79406999	Daniel	Lopez	596687	527373361	daniel.lopez@outlook.com	Calle 20, Ciudad 2
156	48997885	Carolina	Medina	989928	170697264	carolina.medina@outlook.com	Calle 15, Ciudad 7
157	66470087	Elena	Medina	268369	129426583	elena.medina@hotmail.com	Calle 66, Ciudad 7
158	43120756	Paula	Mendoza	851601	129705533	paula.mendoza@hotmail.com	Calle 99, Ciudad 8
159	70367789	Diego	Coronel	239368	\N	diego.coronel@hotmail.com	Calle 63, Ciudad 10
160	16567598	Victoria	Galeano	566810	707343789	victoria.galeano@outlook.com	Calle 83, Ciudad 9
161	56368768	Gabriel	Flores	\N	\N	gabriel.flores@hotmail.com	Calle 52, Ciudad 1
162	77570081	Luis	Galeano	\N	402958081	luis.galeano@gmail.com	Calle 46, Ciudad 1
163	76687523	Julieta	Cantero	\N	669075217	julieta.cantero@gmail.com	Calle 31, Ciudad 9
164	53993509	Victoria	Ortega	\N	\N	victoria.ortega@hotmail.com	Calle 36, Ciudad 2
165	31097833	Roberto	Castro	\N	\N	roberto.castro@outlook.com	Calle 90, Ciudad 8
166	19456492	Lucia	Lopez	429811	738118185	lucia.lopez@hotmail.com	Calle 54, Ciudad 3
167	31739360	Lucia	Galeano	642257	525069555	lucia.galeano@outlook.com	Calle 99, Ciudad 3
168	16560779	Camila	Peralta	179493	663659610	camila.peralta@hotmail.com	Calle 2, Ciudad 6
169	95450292	Carolina	Rodriguez	558303	847264134	carolina.rodriguez@gmail.com	Calle 45, Ciudad 3
170	24566537	Lucia	Peralta	\N	\N	lucia.peralta@outlook.com	Calle 81, Ciudad 9
171	50315111	Laura	Rojas	\N	807181237	laura.rojas@hotmail.com	Calle 26, Ciudad 9
172	44019834	Florencia	Paredes	\N	344918808	florencia.paredes@gmail.com	Calle 34, Ciudad 8
173	89270225	Elena	Cantero	\N	\N	elena.cantero@yahoo.com	Calle 96, Ciudad 2
174	20872946	Ana	Salazar	\N	\N	ana.salazar@hotmail.com	Calle 52, Ciudad 7
175	77013243	Fernando	Gomez	309387	480179143	fernando.gomez@yahoo.com	Calle 77, Ciudad 7
176	36964976	Roberto	Perez	271621	146209087	roberto.perez@yahoo.com	Calle 22, Ciudad 7
177	90110125	Andrea	Benitez	590611	\N	andrea.benitez@yahoo.com	Calle 36, Ciudad 2
178	88100891	Sofia	Herrera	\N	224790549	sofia.herrera@hotmail.com	Calle 45, Ciudad 7
179	82272007	Ana	Vera	\N	\N	ana.vera@hotmail.com	Calle 9, Ciudad 8
180	17363930	Victoria	Jimenez	\N	\N	victoria.jimenez@hotmail.com	Calle 8, Ciudad 3
\.


--
-- TOC entry 3606 (class 0 OID 17190)
-- Dependencies: 230
-- Data for Name: django_admin_log; Type: TABLE DATA; Schema: public; Owner: postgres
--

COPY public.django_admin_log (id, action_time, object_id, object_repr, action_flag, change_message, content_type_id, user_id) FROM stdin;
\.


--
-- TOC entry 3608 (class 0 OID 17197)
-- Dependencies: 232
-- Data for Name: django_content_type; Type: TABLE DATA; Schema: public; Owner: postgres
--

COPY public.django_content_type (id, app_label, model) FROM stdin;
1	admin	logentry
2	auth	permission
3	auth	group
4	auth	user
5	contenttypes	contenttype
6	sessions	session
\.


--
-- TOC entry 3610 (class 0 OID 17201)
-- Dependencies: 234
-- Data for Name: django_migrations; Type: TABLE DATA; Schema: public; Owner: postgres
--

COPY public.django_migrations (id, app, name, applied) FROM stdin;
1	contenttypes	0001_initial	2025-02-07 16:16:21.982611-03
2	auth	0001_initial	2025-02-07 16:16:22.082232-03
3	admin	0001_initial	2025-02-07 16:16:22.113873-03
4	admin	0002_logentry_remove_auto_add	2025-02-07 16:16:22.122963-03
5	admin	0003_logentry_add_action_flag_choices	2025-02-07 16:16:22.130056-03
6	contenttypes	0002_remove_content_type_name	2025-02-07 16:16:22.152777-03
7	auth	0002_alter_permission_name_max_length	2025-02-07 16:16:22.159088-03
8	auth	0003_alter_user_email_max_length	2025-02-07 16:16:22.164174-03
9	auth	0004_alter_user_username_opts	2025-02-07 16:16:22.168746-03
10	auth	0005_alter_user_last_login_null	2025-02-07 16:16:22.175181-03
11	auth	0006_require_contenttypes_0002	2025-02-07 16:16:22.176282-03
12	auth	0007_alter_validators_add_error_messages	2025-02-07 16:16:22.181474-03
13	auth	0008_alter_user_username_max_length	2025-02-07 16:16:22.189095-03
14	auth	0009_alter_user_last_name_max_length	2025-02-07 16:16:22.196543-03
15	auth	0010_alter_group_name_max_length	2025-02-07 16:16:22.202293-03
16	auth	0011_update_proxy_permissions	2025-02-07 16:16:22.207016-03
17	auth	0012_alter_user_first_name_max_length	2025-02-07 16:16:22.213431-03
18	sessions	0001_initial	2025-02-07 16:16:22.222908-03
\.


--
-- TOC entry 3612 (class 0 OID 17207)
-- Dependencies: 236
-- Data for Name: django_session; Type: TABLE DATA; Schema: public; Owner: postgres
--

COPY public.django_session (session_key, session_data, expire_date) FROM stdin;
dshu5b40bv6qfffp4j300o76hh2sjvoo	.eJxVjDsOwjAQRO_iGlnrEDkJJT1nsGZ3bRxAtpRPhbg7iZQCminmvZm3CViXHNY5TmFUczHOnH47hjxj2YE-UO7VSi3LNLLdFXvQ2d6qxtf1cP8OMua8rSOQCNx0QqSSBLolwF4a9eCWWM4dU0ytaO8UjnyTkHw_tAMNBPP5AkxtOeQ:1thYyv:UM0SAUjFcACfaJUdMD2l5WUPTWGPyOj2-COeg8lBr9A	2025-02-24 15:58:09.13573-03
xmn9u86b1ff9fcj7bpss1kg326kfj083	.eJxVjDsOwjAQRO_iGlnrEDkJJT1nsGZ3bRxAtpRPhbg7iZQCminmvZm3CViXHNY5TmFUczHOnH47hjxj2YE-UO7VSi3LNLLdFXvQ2d6qxtf1cP8OMua8rSOQCNx0QqSSBLolwF4a9eCWWM4dU0ytaO8UjnyTkHw_tAMNBPP5AkxtOeQ:1tj24R:Ic3w9ZV2sYa4_mPxuKxgnLmUS-W817yJhqIMpOD0p3Q	2025-02-28 17:13:55.509033-03
wa7qyp328w69xmzn48permd7u9457gg6	.eJxVjDsOwjAQRO_iGlnrEDkJJT1nsGZ3bRxAtpRPhbg7iZQCminmvZm3CViXHNY5TmFUczHOnH47hjxj2YE-UO7VSi3LNLLdFXvQ2d6qxtf1cP8OMua8rSOQCNx0QqSSBLolwF4a9eCWWM4dU0ytaO8UjnyTkHw_tAMNBPP5AkxtOeQ:1tk7ej:aCjOW_QSQJLcZqfRbQXKjLpzroAQ6Fdc4-IQb7d_3Qw	2025-03-03 17:23:53.145973-03
x9qvm8w19brozs7p2ddk7ixwh33q3b5c	.eJxVjDsOwjAQRO_iGlnrEDkJJT1nsGZ3bRxAtpRPhbg7iZQCminmvZm3CViXHNY5TmFUczHOnH47hjxj2YE-UO7VSi3LNLLdFXvQ2d6qxtf1cP8OMua8rSOQCNx0QqSSBLolwF4a9eCWWM4dU0ytaO8UjnyTkHw_tAMNBPP5AkxtOeQ:1tkXOn:RKAclMpJ1hzK_Nfefrau7dzlJgMjqZwwnadiWCrABd8	2025-03-04 20:53:09.393148-03
\.


--
-- TOC entry 3613 (class 0 OID 17212)
-- Dependencies: 237
-- Data for Name: pagos; Type: TABLE DATA; Schema: public; Owner: postgres
--

COPY public.pagos (pago_id, fecha, monto, actividad_economica_id, cliente_id) FROM stdin;
\.


--
-- TOC entry 3622 (class 0 OID 0)
-- Dependencies: 217
-- Name: auth_group_id_seq; Type: SEQUENCE SET; Schema: public; Owner: postgres
--

SELECT pg_catalog.setval('public.auth_group_id_seq', 1, false);


--
-- TOC entry 3623 (class 0 OID 0)
-- Dependencies: 219
-- Name: auth_group_permissions_id_seq; Type: SEQUENCE SET; Schema: public; Owner: postgres
--

SELECT pg_catalog.setval('public.auth_group_permissions_id_seq', 1, false);


--
-- TOC entry 3624 (class 0 OID 0)
-- Dependencies: 221
-- Name: auth_permission_id_seq; Type: SEQUENCE SET; Schema: public; Owner: postgres
--

SELECT pg_catalog.setval('public.auth_permission_id_seq', 24, true);


--
-- TOC entry 3625 (class 0 OID 0)
-- Dependencies: 224
-- Name: auth_user_groups_id_seq; Type: SEQUENCE SET; Schema: public; Owner: postgres
--

SELECT pg_catalog.setval('public.auth_user_groups_id_seq', 1, false);


--
-- TOC entry 3626 (class 0 OID 0)
-- Dependencies: 225
-- Name: auth_user_id_seq; Type: SEQUENCE SET; Schema: public; Owner: postgres
--

SELECT pg_catalog.setval('public.auth_user_id_seq', 1, true);


--
-- TOC entry 3627 (class 0 OID 0)
-- Dependencies: 227
-- Name: auth_user_user_permissions_id_seq; Type: SEQUENCE SET; Schema: public; Owner: postgres
--

SELECT pg_catalog.setval('public.auth_user_user_permissions_id_seq', 1, false);


--
-- TOC entry 3628 (class 0 OID 0)
-- Dependencies: 229
-- Name: clientes_cliente_seq; Type: SEQUENCE SET; Schema: public; Owner: postgres
--

SELECT pg_catalog.setval('public.clientes_cliente_seq', 180, true);


--
-- TOC entry 3629 (class 0 OID 0)
-- Dependencies: 231
-- Name: django_admin_log_id_seq; Type: SEQUENCE SET; Schema: public; Owner: postgres
--

SELECT pg_catalog.setval('public.django_admin_log_id_seq', 1, false);


--
-- TOC entry 3630 (class 0 OID 0)
-- Dependencies: 233
-- Name: django_content_type_id_seq; Type: SEQUENCE SET; Schema: public; Owner: postgres
--

SELECT pg_catalog.setval('public.django_content_type_id_seq', 6, true);


--
-- TOC entry 3631 (class 0 OID 0)
-- Dependencies: 235
-- Name: django_migrations_id_seq; Type: SEQUENCE SET; Schema: public; Owner: postgres
--

SELECT pg_catalog.setval('public.django_migrations_id_seq', 18, true);


--
-- TOC entry 3632 (class 0 OID 0)
-- Dependencies: 238
-- Name: pagos_pago_id_seq; Type: SEQUENCE SET; Schema: public; Owner: postgres
--

SELECT pg_catalog.setval('public.pagos_pago_id_seq', 1, false);


--
-- TOC entry 3383 (class 2606 OID 17219)
-- Name: actividad_economica actividad_economica_pkey; Type: CONSTRAINT; Schema: public; Owner: postgres
--

ALTER TABLE ONLY public.actividad_economica
    ADD CONSTRAINT actividad_economica_pkey PRIMARY KEY (actividad);


--
-- TOC entry 3386 (class 2606 OID 17221)
-- Name: auth_group auth_group_name_key; Type: CONSTRAINT; Schema: public; Owner: postgres
--

ALTER TABLE ONLY public.auth_group
    ADD CONSTRAINT auth_group_name_key UNIQUE (name);


--
-- TOC entry 3391 (class 2606 OID 17223)
-- Name: auth_group_permissions auth_group_permissions_group_id_permission_id_0cd325b0_uniq; Type: CONSTRAINT; Schema: public; Owner: postgres
--

ALTER TABLE ONLY public.auth_group_permissions
    ADD CONSTRAINT auth_group_permissions_group_id_permission_id_0cd325b0_uniq UNIQUE (group_id, permission_id);


--
-- TOC entry 3394 (class 2606 OID 17225)
-- Name: auth_group_permissions auth_group_permissions_pkey; Type: CONSTRAINT; Schema: public; Owner: postgres
--

ALTER TABLE ONLY public.auth_group_permissions
    ADD CONSTRAINT auth_group_permissions_pkey PRIMARY KEY (id);


--
-- TOC entry 3388 (class 2606 OID 17227)
-- Name: auth_group auth_group_pkey; Type: CONSTRAINT; Schema: public; Owner: postgres
--

ALTER TABLE ONLY public.auth_group
    ADD CONSTRAINT auth_group_pkey PRIMARY KEY (id);


--
-- TOC entry 3397 (class 2606 OID 17229)
-- Name: auth_permission auth_permission_content_type_id_codename_01ab375a_uniq; Type: CONSTRAINT; Schema: public; Owner: postgres
--

ALTER TABLE ONLY public.auth_permission
    ADD CONSTRAINT auth_permission_content_type_id_codename_01ab375a_uniq UNIQUE (content_type_id, codename);


--
-- TOC entry 3399 (class 2606 OID 17231)
-- Name: auth_permission auth_permission_pkey; Type: CONSTRAINT; Schema: public; Owner: postgres
--

ALTER TABLE ONLY public.auth_permission
    ADD CONSTRAINT auth_permission_pkey PRIMARY KEY (id);


--
-- TOC entry 3407 (class 2606 OID 17233)
-- Name: auth_user_groups auth_user_groups_pkey; Type: CONSTRAINT; Schema: public; Owner: postgres
--

ALTER TABLE ONLY public.auth_user_groups
    ADD CONSTRAINT auth_user_groups_pkey PRIMARY KEY (id);


--
-- TOC entry 3410 (class 2606 OID 17235)
-- Name: auth_user_groups auth_user_groups_user_id_group_id_94350c0c_uniq; Type: CONSTRAINT; Schema: public; Owner: postgres
--

ALTER TABLE ONLY public.auth_user_groups
    ADD CONSTRAINT auth_user_groups_user_id_group_id_94350c0c_uniq UNIQUE (user_id, group_id);


--
-- TOC entry 3401 (class 2606 OID 17237)
-- Name: auth_user auth_user_pkey; Type: CONSTRAINT; Schema: public; Owner: postgres
--

ALTER TABLE ONLY public.auth_user
    ADD CONSTRAINT auth_user_pkey PRIMARY KEY (id);


--
-- TOC entry 3413 (class 2606 OID 17239)
-- Name: auth_user_user_permissions auth_user_user_permissions_pkey; Type: CONSTRAINT; Schema: public; Owner: postgres
--

ALTER TABLE ONLY public.auth_user_user_permissions
    ADD CONSTRAINT auth_user_user_permissions_pkey PRIMARY KEY (id);


--
-- TOC entry 3416 (class 2606 OID 17241)
-- Name: auth_user_user_permissions auth_user_user_permissions_user_id_permission_id_14a6b632_uniq; Type: CONSTRAINT; Schema: public; Owner: postgres
--

ALTER TABLE ONLY public.auth_user_user_permissions
    ADD CONSTRAINT auth_user_user_permissions_user_id_permission_id_14a6b632_uniq UNIQUE (user_id, permission_id);


--
-- TOC entry 3404 (class 2606 OID 17243)
-- Name: auth_user auth_user_username_key; Type: CONSTRAINT; Schema: public; Owner: postgres
--

ALTER TABLE ONLY public.auth_user
    ADD CONSTRAINT auth_user_username_key UNIQUE (username);


--
-- TOC entry 3418 (class 2606 OID 17327)
-- Name: clientes cedula_unica; Type: CONSTRAINT; Schema: public; Owner: postgres
--

ALTER TABLE ONLY public.clientes
    ADD CONSTRAINT cedula_unica UNIQUE (cedula);


--
-- TOC entry 3420 (class 2606 OID 17245)
-- Name: clientes clientes_pkey; Type: CONSTRAINT; Schema: public; Owner: postgres
--

ALTER TABLE ONLY public.clientes
    ADD CONSTRAINT clientes_pkey PRIMARY KEY (cliente);


--
-- TOC entry 3423 (class 2606 OID 17247)
-- Name: django_admin_log django_admin_log_pkey; Type: CONSTRAINT; Schema: public; Owner: postgres
--

ALTER TABLE ONLY public.django_admin_log
    ADD CONSTRAINT django_admin_log_pkey PRIMARY KEY (id);


--
-- TOC entry 3426 (class 2606 OID 17249)
-- Name: django_content_type django_content_type_app_label_model_76bd3d3b_uniq; Type: CONSTRAINT; Schema: public; Owner: postgres
--

ALTER TABLE ONLY public.django_content_type
    ADD CONSTRAINT django_content_type_app_label_model_76bd3d3b_uniq UNIQUE (app_label, model);


--
-- TOC entry 3428 (class 2606 OID 17251)
-- Name: django_content_type django_content_type_pkey; Type: CONSTRAINT; Schema: public; Owner: postgres
--

ALTER TABLE ONLY public.django_content_type
    ADD CONSTRAINT django_content_type_pkey PRIMARY KEY (id);


--
-- TOC entry 3430 (class 2606 OID 17253)
-- Name: django_migrations django_migrations_pkey; Type: CONSTRAINT; Schema: public; Owner: postgres
--

ALTER TABLE ONLY public.django_migrations
    ADD CONSTRAINT django_migrations_pkey PRIMARY KEY (id);


--
-- TOC entry 3433 (class 2606 OID 17255)
-- Name: django_session django_session_pkey; Type: CONSTRAINT; Schema: public; Owner: postgres
--

ALTER TABLE ONLY public.django_session
    ADD CONSTRAINT django_session_pkey PRIMARY KEY (session_key);


--
-- TOC entry 3436 (class 2606 OID 17257)
-- Name: pagos pagos_pkey; Type: CONSTRAINT; Schema: public; Owner: postgres
--

ALTER TABLE ONLY public.pagos
    ADD CONSTRAINT pagos_pkey PRIMARY KEY (pago_id);


--
-- TOC entry 3384 (class 1259 OID 17258)
-- Name: auth_group_name_a6ea08ec_like; Type: INDEX; Schema: public; Owner: postgres
--

CREATE INDEX auth_group_name_a6ea08ec_like ON public.auth_group USING btree (name varchar_pattern_ops);


--
-- TOC entry 3389 (class 1259 OID 17259)
-- Name: auth_group_permissions_group_id_b120cbf9; Type: INDEX; Schema: public; Owner: postgres
--

CREATE INDEX auth_group_permissions_group_id_b120cbf9 ON public.auth_group_permissions USING btree (group_id);


--
-- TOC entry 3392 (class 1259 OID 17260)
-- Name: auth_group_permissions_permission_id_84c5c92e; Type: INDEX; Schema: public; Owner: postgres
--

CREATE INDEX auth_group_permissions_permission_id_84c5c92e ON public.auth_group_permissions USING btree (permission_id);


--
-- TOC entry 3395 (class 1259 OID 17261)
-- Name: auth_permission_content_type_id_2f476e4b; Type: INDEX; Schema: public; Owner: postgres
--

CREATE INDEX auth_permission_content_type_id_2f476e4b ON public.auth_permission USING btree (content_type_id);


--
-- TOC entry 3405 (class 1259 OID 17262)
-- Name: auth_user_groups_group_id_97559544; Type: INDEX; Schema: public; Owner: postgres
--

CREATE INDEX auth_user_groups_group_id_97559544 ON public.auth_user_groups USING btree (group_id);


--
-- TOC entry 3408 (class 1259 OID 17263)
-- Name: auth_user_groups_user_id_6a12ed8b; Type: INDEX; Schema: public; Owner: postgres
--

CREATE INDEX auth_user_groups_user_id_6a12ed8b ON public.auth_user_groups USING btree (user_id);


--
-- TOC entry 3411 (class 1259 OID 17264)
-- Name: auth_user_user_permissions_permission_id_1fbb5f2c; Type: INDEX; Schema: public; Owner: postgres
--

CREATE INDEX auth_user_user_permissions_permission_id_1fbb5f2c ON public.auth_user_user_permissions USING btree (permission_id);


--
-- TOC entry 3414 (class 1259 OID 17265)
-- Name: auth_user_user_permissions_user_id_a95ead1b; Type: INDEX; Schema: public; Owner: postgres
--

CREATE INDEX auth_user_user_permissions_user_id_a95ead1b ON public.auth_user_user_permissions USING btree (user_id);


--
-- TOC entry 3402 (class 1259 OID 17266)
-- Name: auth_user_username_6821ab7c_like; Type: INDEX; Schema: public; Owner: postgres
--

CREATE INDEX auth_user_username_6821ab7c_like ON public.auth_user USING btree (username varchar_pattern_ops);


--
-- TOC entry 3421 (class 1259 OID 17267)
-- Name: django_admin_log_content_type_id_c4bce8eb; Type: INDEX; Schema: public; Owner: postgres
--

CREATE INDEX django_admin_log_content_type_id_c4bce8eb ON public.django_admin_log USING btree (content_type_id);


--
-- TOC entry 3424 (class 1259 OID 17268)
-- Name: django_admin_log_user_id_c564eba6; Type: INDEX; Schema: public; Owner: postgres
--

CREATE INDEX django_admin_log_user_id_c564eba6 ON public.django_admin_log USING btree (user_id);


--
-- TOC entry 3431 (class 1259 OID 17269)
-- Name: django_session_expire_date_a5c62663; Type: INDEX; Schema: public; Owner: postgres
--

CREATE INDEX django_session_expire_date_a5c62663 ON public.django_session USING btree (expire_date);


--
-- TOC entry 3434 (class 1259 OID 17270)
-- Name: django_session_session_key_c0390e0f_like; Type: INDEX; Schema: public; Owner: postgres
--

CREATE INDEX django_session_session_key_c0390e0f_like ON public.django_session USING btree (session_key varchar_pattern_ops);


--
-- TOC entry 3437 (class 2606 OID 17271)
-- Name: auth_group_permissions auth_group_permissio_permission_id_84c5c92e_fk_auth_perm; Type: FK CONSTRAINT; Schema: public; Owner: postgres
--

ALTER TABLE ONLY public.auth_group_permissions
    ADD CONSTRAINT auth_group_permissio_permission_id_84c5c92e_fk_auth_perm FOREIGN KEY (permission_id) REFERENCES public.auth_permission(id) DEFERRABLE INITIALLY DEFERRED;


--
-- TOC entry 3438 (class 2606 OID 17276)
-- Name: auth_group_permissions auth_group_permissions_group_id_b120cbf9_fk_auth_group_id; Type: FK CONSTRAINT; Schema: public; Owner: postgres
--

ALTER TABLE ONLY public.auth_group_permissions
    ADD CONSTRAINT auth_group_permissions_group_id_b120cbf9_fk_auth_group_id FOREIGN KEY (group_id) REFERENCES public.auth_group(id) DEFERRABLE INITIALLY DEFERRED;


--
-- TOC entry 3439 (class 2606 OID 17281)
-- Name: auth_permission auth_permission_content_type_id_2f476e4b_fk_django_co; Type: FK CONSTRAINT; Schema: public; Owner: postgres
--

ALTER TABLE ONLY public.auth_permission
    ADD CONSTRAINT auth_permission_content_type_id_2f476e4b_fk_django_co FOREIGN KEY (content_type_id) REFERENCES public.django_content_type(id) DEFERRABLE INITIALLY DEFERRED;


--
-- TOC entry 3440 (class 2606 OID 17286)
-- Name: auth_user_groups auth_user_groups_group_id_97559544_fk_auth_group_id; Type: FK CONSTRAINT; Schema: public; Owner: postgres
--

ALTER TABLE ONLY public.auth_user_groups
    ADD CONSTRAINT auth_user_groups_group_id_97559544_fk_auth_group_id FOREIGN KEY (group_id) REFERENCES public.auth_group(id) DEFERRABLE INITIALLY DEFERRED;


--
-- TOC entry 3441 (class 2606 OID 17291)
-- Name: auth_user_groups auth_user_groups_user_id_6a12ed8b_fk_auth_user_id; Type: FK CONSTRAINT; Schema: public; Owner: postgres
--

ALTER TABLE ONLY public.auth_user_groups
    ADD CONSTRAINT auth_user_groups_user_id_6a12ed8b_fk_auth_user_id FOREIGN KEY (user_id) REFERENCES public.auth_user(id) DEFERRABLE INITIALLY DEFERRED;


--
-- TOC entry 3442 (class 2606 OID 17296)
-- Name: auth_user_user_permissions auth_user_user_permi_permission_id_1fbb5f2c_fk_auth_perm; Type: FK CONSTRAINT; Schema: public; Owner: postgres
--

ALTER TABLE ONLY public.auth_user_user_permissions
    ADD CONSTRAINT auth_user_user_permi_permission_id_1fbb5f2c_fk_auth_perm FOREIGN KEY (permission_id) REFERENCES public.auth_permission(id) DEFERRABLE INITIALLY DEFERRED;


--
-- TOC entry 3443 (class 2606 OID 17301)
-- Name: auth_user_user_permissions auth_user_user_permissions_user_id_a95ead1b_fk_auth_user_id; Type: FK CONSTRAINT; Schema: public; Owner: postgres
--

ALTER TABLE ONLY public.auth_user_user_permissions
    ADD CONSTRAINT auth_user_user_permissions_user_id_a95ead1b_fk_auth_user_id FOREIGN KEY (user_id) REFERENCES public.auth_user(id) DEFERRABLE INITIALLY DEFERRED;


--
-- TOC entry 3444 (class 2606 OID 17306)
-- Name: django_admin_log django_admin_log_content_type_id_c4bce8eb_fk_django_co; Type: FK CONSTRAINT; Schema: public; Owner: postgres
--

ALTER TABLE ONLY public.django_admin_log
    ADD CONSTRAINT django_admin_log_content_type_id_c4bce8eb_fk_django_co FOREIGN KEY (content_type_id) REFERENCES public.django_content_type(id) DEFERRABLE INITIALLY DEFERRED;


--
-- TOC entry 3445 (class 2606 OID 17311)
-- Name: django_admin_log django_admin_log_user_id_c564eba6_fk_auth_user_id; Type: FK CONSTRAINT; Schema: public; Owner: postgres
--

ALTER TABLE ONLY public.django_admin_log
    ADD CONSTRAINT django_admin_log_user_id_c564eba6_fk_auth_user_id FOREIGN KEY (user_id) REFERENCES public.auth_user(id) DEFERRABLE INITIALLY DEFERRED;


--
-- TOC entry 3446 (class 2606 OID 17316)
-- Name: pagos fk_actividad_economica; Type: FK CONSTRAINT; Schema: public; Owner: postgres
--

ALTER TABLE ONLY public.pagos
    ADD CONSTRAINT fk_actividad_economica FOREIGN KEY (actividad_economica_id) REFERENCES public.actividad_economica(actividad);


--
-- TOC entry 3447 (class 2606 OID 17321)
-- Name: pagos fk_cliente; Type: FK CONSTRAINT; Schema: public; Owner: postgres
--

ALTER TABLE ONLY public.pagos
    ADD CONSTRAINT fk_cliente FOREIGN KEY (cliente_id) REFERENCES public.clientes(cliente);


-- Completed on 2025-02-18 22:37:09 -03

--
-- PostgreSQL database dump complete
--

